--------------------------------------------------------
-- mcc V1.5.1026 - Custom microcode compiler (c)2020-... 
--    https://github.com/zpekic/MicroCodeCompiler
--------------------------------------------------------
Compiling microBasic.mcc, pass 1 out of 2.
Warning: Clock edge implicitly (by default) set to rising_edge()
Warning: .org value changed from -1 (0xFFFFFFFF) to 0 (0x0000)
Line 345: resolved aliases:  nop in 'if true then continue else repeat', line 345
L0345@0000._reset:  if true then continue else repeat;

Line 351: resolved aliases:  nop in 'if true then continue else repeat', line 351
L0351@0003._reset3:  if true then continue else repeat;

Line 355: resolved aliases:  traceString in 'trace(from_microcode), directByte = 4', line 355
L0355@0004.ColdStart:  trace(from_microcode), directByte = 4;

Line 357: resolved aliases:  clear in 'DBGINDEX <= zero, ExpStack <= clear, RetStack <= clear, BasStack <= clear, T <= zero, alu <= reset0', line 357
L0357@0006.WarmStart:  DBGINDEX <= zero, ExpStack <= clear, RetStack <= clear, BasStack <= clear, T <= zero, alu <= reset0;

Line 362: resolved aliases:  traceString in 'trace(from_microcode), directByte = 51', line 362
L0362@000A.  trace(from_microcode), directByte = 51;

Line 363: resolved aliases:  traceString in 'trace(from_microcode), directByte = 2', line 363
L0363@000B.  trace(from_microcode), directByte = 2;

Line 365: resolved aliases:  traceSDepth in 'trace(from_microcode), directByte = 56', line 365
L0365@000D.  trace(from_microcode), directByte = 56;

Warning: mask value 255 detected. Range will be 0 to 255
Line 369: resolved aliases:  goto in 'if false then continue else INTERNAL_ERR', line 369
L0369@000F.badop:  if false then continue else INTERNAL_ERR;

Warning: mask value 7 detected. Range will be 0 to 7
Line 374: resolved aliases:  traceString in 'trace(from_microcode), directByte = 15', line 374
L0374@0010.  trace(from_microcode), directByte = 15;

Line 377: resolved aliases:  goto in 'if false then continue else fetch', line 377
L0377@0013.  if false then continue else fetch;

Line 380: resolved aliases:  traceString in 'trace(from_microcode), directByte = 15', line 380
L0380@0014.  trace(from_microcode), directByte = 15;

Line 381: resolved aliases:  goto in 'if false then continue else fetch', line 381
L0381@0015.  if false then continue else fetch;

Line 386: resolved aliases:  traceString in 'trace(from_microcode), directByte = 12', line 386
L0386@0016.  trace(from_microcode), directByte = 12;

Line 387: resolved aliases:  goto in 'if false then continue else fetch', line 387
L0387@0017.  if false then continue else fetch;

Line 392: resolved aliases:  traceString in 'trace(from_microcode), directByte = 28', line 392
L0392@0018.  trace(from_microcode), directByte = 28;

Line 393: resolved aliases:  traceString in 'trace(from_microcode), directByte = 3, T <= codeByte', line 393
L0393@0019.lb_push:  trace(from_microcode), directByte = 3, T <= codeByte;

Line 400: resolved aliases:  traceString in 'trace(from_microcode), directByte = 29', line 400
L0400@001C.  trace(from_microcode), directByte = 29;

Line 401: resolved aliases:  traceString in 'trace(from_microcode), directByte = 3, T <= codeByte', line 401
L0401@001D.  trace(from_microcode), directByte = 3, T <= codeByte;

Line 408: resolved aliases:  traceString in 'trace(from_microcode), directByte = 38', line 408
L0408@0020.  trace(from_microcode), directByte = 38;

Warning: else clause missing in if statement, default value '' will be used
Warning: else clause missing in if statement, default value '' will be used
Line 411: resolved aliases:  goto in 'ExpStack <= push_TWord, if false then continue else fetch', line 411
L0411@0023.  ExpStack <= push_TWord, if false then continue else fetch;

Line 416: resolved aliases:  traceString in 'trace(from_microcode), directByte = 34', line 416
L0416@0024.  trace(from_microcode), directByte = 34;

Warning: else clause missing in if statement, default value '' will be used
Line 418: resolved aliases:  goto in 'ExpStack <= pop2, if false then continue else fetch', line 418
L0418@0026.  ExpStack <= pop2, if false then continue else fetch;

Line 423: resolved aliases:  traceString in 'trace(from_microcode), directByte = 10', line 423
L0423@0027.  trace(from_microcode), directByte = 10;

Line 427: resolved aliases:  goto in 'if false then continue else fetch', line 427
L0427@002B.  if false then continue else fetch;

Line 432: resolved aliases:  traceString in 'trace(from_microcode), directByte = 11', line 432
L0432@002C.  trace(from_microcode), directByte = 11;

Warning: else clause missing in if statement, default value '' will be used
Line 434: resolved aliases:  goto in 'SvPt <= BP, BP <= SvPt, if false then continue else bp_done', line 434
L0434@002E.ptr_exc:  SvPt <= BP, BP <= SvPt, if false then continue else bp_done;

Line 439: resolved aliases:  traceString in 'trace(from_microcode), directByte = 36', line 439
L0439@002F.  trace(from_microcode), directByte = 36;

Warning: else clause missing in if statement, default value '' will be used
Line 442: resolved aliases:  goto in 'ExpStack <= push_TWord, if false then continue else fetch', line 442
L0442@0032.  ExpStack <= push_TWord, if false then continue else fetch;

Line 447: resolved aliases:  traceString in 'trace(from_microcode), directByte = 37', line 447
L0447@0033.  trace(from_microcode), directByte = 37;

Warning: else clause missing in if statement, default value '' will be used
Warning: else clause missing in if statement, default value '' will be used
Line 452: resolved aliases:  goto in 'Vars <= T, if false then continue else fetch', line 452
L0452@0038.  Vars <= T, if false then continue else fetch;

Line 457: resolved aliases:  traceString in 'trace(from_microcode), directByte = 47', line 457
L0457@0039.  trace(from_microcode), directByte = 47;

Warning: else clause missing in if statement, default value '' will be used
Line 460: resolved aliases:  goto in 'BasStack <= push_Lino_and_BP, if false then continue else fetch', line 460
L0460@003C.  BasStack <= push_Lino_and_BP, if false then continue else fetch;

Line 465: resolved aliases:  traceString in 'trace(from_microcode), directByte = 48', line 465
L0465@003D.  trace(from_microcode), directByte = 48;

Warning: else clause missing in if statement, default value '' will be used
Line 470: resolved aliases:  goto in 'BP <= T, BasStack <= pop, if false then continue else fetch', line 470
L0470@0042.  BP <= T, BasStack <= pop, if false then continue else fetch;

Line 475: resolved aliases:  traceString in 'trace(from_microcode), directByte = 45', line 475
L0475@0043.  trace(from_microcode), directByte = 45;

Warning: else clause missing in if statement, default value '' will be used
Warning: else clause missing in if statement, default value '' will be used
Line 480: resolved aliases:  traceLino in 'trace(from_microcode), directByte = 51', line 480
L0480@0048.  trace(from_microcode), directByte = 51;

Warning: else clause missing in if statement, default value '' will be used
Line 484: resolved aliases:  goto in 'alu <= cache_store, if false then continue else fetch', line 484
L0484@004B.  alu <= cache_store, if false then continue else fetch;

Line 488: resolved aliases:  goto in 'BP <= T, if false then continue else fetch', line 488
L0488@004D.  BP <= T, if false then continue else fetch;

Line 492: resolved aliases:  goto in 'if false then continue else fetch', line 492
L0492@004F.  if false then continue else fetch;

Warning: else clause missing in if statement, default value '' will be used
Warning: else clause missing in if statement, default value '' will be used
Line 502: resolved aliases:  goto in 'T <= inc, if false then continue else go_search', line 502
L0502@0058.  T <= inc, if false then continue else go_search;

Line 507: resolved aliases:  traceString in 'trace(from_microcode), directByte = 25', line 507
L0507@0059.  trace(from_microcode), directByte = 25;

Warning: else clause missing in if statement, default value '' will be used
Line 515: resolved aliases:  traceString in 'trace(from_microcode), directByte = 22', line 515
L0515@005D.  trace(from_microcode), directByte = 22;

Warning: else clause missing in if statement, default value '' will be used
Line 520: resolved aliases:  goto in 'ExpStack <= push_TWord, if false then continue else fetch', line 520
L0520@0062.  ExpStack <= push_TWord, if false then continue else fetch;

Line 525: resolved aliases:  traceString in 'trace(from_microcode), directByte = 23', line 525
L0525@0063.  trace(from_microcode), directByte = 23;

Line 532: resolved aliases:  traceString in 'trace(from_microcode), directByte = 24', line 532
L0532@0066.  trace(from_microcode), directByte = 24;

Line 539: resolved aliases:  traceString in 'trace(from_microcode), directByte = 35', line 539
L0539@0069.  trace(from_microcode), directByte = 35;

Warning: else clause missing in if statement, default value '' will be used
Warning: else clause missing in if statement, default value '' will be used
Line 544: resolved aliases:  goto in 'alu <= div_subset, if false then continue else div_loop', line 544
L0544@006E.  alu <= div_subset, if false then continue else div_loop;

Line 545: resolved aliases:  goto in 'alu <= div_end, if false then continue else alu_done', line 545
L0545@006F.div_done:  alu <= div_end, if false then continue else alu_done;

Line 550: resolved aliases:  traceString in 'trace(from_microcode), directByte = 46', line 550
L0550@0070.  trace(from_microcode), directByte = 46;

Line 556: resolved aliases:  goto in 'IL_PC <= inc, if false then continue else fetch', line 556
L0556@0076.  IL_PC <= inc, if false then continue else fetch;

Line 561: resolved aliases:  traceString in 'trace(from_microcode), directByte = 39', line 561
L0561@0077.  trace(from_microcode), directByte = 39;

Warning: else clause missing in if statement, default value '' will be used
Line 563: resolved aliases:  goto in 'IL_PC <= T, if false then continue else fetch', line 563
L0563@0079.  IL_PC <= T, if false then continue else fetch;

Warning: else clause missing in if statement, default value '' will be used
Line 570: resolved aliases:  traceLino in 'trace(from_microcode), directByte = 51', line 570
L0570@0080.  trace(from_microcode), directByte = 51;

Line 573: resolved aliases:  BEEP in 'directByte = 0x07, outChar(from_microcode)', line 573
L0573@0083.nx_err:  directByte = 0x07, outChar(from_microcode);

Line 574: resolved aliases:  goto in 'if false then continue else stop_run', line 574
L0574@0084.  if false then continue else stop_run;

Line 579: resolved aliases:  traceString in 'trace(from_microcode), directByte = 41', line 579
L0579@0085.  trace(from_microcode), directByte = 41;

Warning: else clause missing in if statement, default value '' will be used
Warning: else clause missing in if statement, default value '' will be used
Line 583: resolved aliases:  goto in 'alu <= R_fromStack, ExpStack <= pop2, if false then continue else ls_parload', line 583
L0583@0089.  alu <= R_fromStack, ExpStack <= pop2, if false then continue else ls_parload;

Warning: else clause missing in if statement, default value '' will be used
Warning: else clause missing in if statement, default value '' will be used
Warning: else clause missing in if statement, default value '' will be used
Line 600: resolved aliases:  CR in 'directByte = 0x0D, if MDR_EQU_DB then next else ls_next', line 600
L0600@009A.ls_nextchar:  directByte = 0x0D, if MDR_EQU_DB then next else ls_next;

Line 601: resolved aliases:  LF in 'directByte = 0x0A, outChar(from_microcode)', line 601
L0601@009B.  directByte = 0x0A, outChar(from_microcode);

Line 602: resolved aliases:  goto in 'T <= inc, if false then continue else ls_lineloop', line 602
L0602@009C.  T <= inc, if false then continue else ls_lineloop;

Line 603: resolved aliases:  goto in 'T <= inc, if false then continue else ls_charloop', line 603
L0603@009D.ls_next:  T <= inc, if false then continue else ls_charloop;

Line 605: resolved aliases:  goto in 'T <= inc, if false then continue else ls_lineloop', line 605
L0605@009F.  T <= inc, if false then continue else ls_lineloop;

Line 610: resolved aliases:  traceString in 'trace(from_microcode), directByte = 26', line 610
L0610@00A0.  trace(from_microcode), directByte = 26;

Warning: else clause missing in if statement, default value '' will be used
Line 613: resolved aliases:  goto in 'if false then continue else fetch', line 613
L0613@00A3.  if false then continue else fetch;

Line 618: resolved aliases:  traceString in 'trace(from_microcode), directByte = 18', line 618
L0618@00A4.  trace(from_microcode), directByte = 18;

Warning: else clause missing in if statement, default value '' will be used
Line 622: resolved aliases:  traceString in 'trace(from_microcode), directByte = 3', line 622
L0622@00A8.  trace(from_microcode), directByte = 3;

Line 623: resolved aliases:  CR in 'directByte = 0x0D, if MDR_EQU_DB then INTERNAL_ERR else pq_loop', line 623
L0623@00A9.  directByte = 0x0D, if MDR_EQU_DB then INTERNAL_ERR else pq_loop;

Line 625: resolved aliases:  goto in 'if false then continue else fetch', line 625
L0625@00AB.  if false then continue else fetch;

Line 630: resolved aliases:  traceString in 'trace(from_microcode), directByte = 27', line 630
L0630@00AC.  trace(from_microcode), directByte = 27;

Warning: else clause missing in if statement, default value '' will be used
Line 633: resolved aliases:  goto in 'if false then continue else pt_loop', line 633
L0633@00AF.  if false then continue else pt_loop;

Line 638: resolved aliases:  traceString in 'trace(from_microcode), directByte = 6', line 638
L0638@00B0.  trace(from_microcode), directByte = 6;

Line 640: resolved aliases:  goto in 'if false then continue else fetch', line 640
L0640@00B2.  if false then continue else fetch;

Line 645: resolved aliases:  traceString in 'trace(from_microcode), directByte = 5', line 645
L0645@00B3.  trace(from_microcode), directByte = 5;

Line 647: resolved aliases:  traceString in 'trace(from_microcode), directByte = 3', line 647
L0647@00B5.  trace(from_microcode), directByte = 3;

Line 653: resolved aliases:  traceString in 'trace(from_microcode), directByte = 8', line 653
L0653@00B7.  trace(from_microcode), directByte = 8;

Warning: else clause missing in if statement, default value '' will be used
Line 659: resolved aliases:  CR in 'directByte = 0x0D, if CHARIN_EQU_DB then gl_cr', line 659
L0659@00BD.  directByte = 0x0D, if CHARIN_EQU_DB then gl_cr;

Warning: else clause missing in if statement, default value '' will be used
Line 660: resolved aliases:  BACKSPACE in 'directByte = 0x08, if CHARIN_EQU_DB then gl_bs', line 660
L0660@00BE.  directByte = 0x08, if CHARIN_EQU_DB then gl_bs;

Warning: else clause missing in if statement, default value '' will be used
Line 661: resolved aliases:  ESC in 'directByte = 0x1b, if CHARIN_EQU_DB then gl_esc', line 661
L0661@00BF.  directByte = 0x1b, if CHARIN_EQU_DB then gl_esc;

Warning: else clause missing in if statement, default value '' will be used
Line 662: resolved aliases:  TAB in 'directByte = 0x09, if CHARIN_EQU_DB then gl_tab', line 662
L0662@00C0.  directByte = 0x09, if CHARIN_EQU_DB then gl_tab;

Warning: else clause missing in if statement, default value '' will be used
Line 664: resolved aliases:  BEEP in 'directByte = 0x07, outChar(from_microcode)', line 664
L0664@00C1.gl_ignore:  directByte = 0x07, outChar(from_microcode);

Line 665: resolved aliases:  goto in 'gotChar = 1, if false then continue else gl_loop', line 665
L0665@00C2.  gotChar = 1, if false then continue else gl_loop;

Warning: else clause missing in if statement, default value '' will be used
Line 671: resolved aliases:  goto in 'gotChar = 1, if false then continue else gl_loop', line 671
L0671@00C7.  gotChar = 1, if false then continue else gl_loop;

Line 673: resolved aliases:  BEEP in 'directByte = 0x07, outChar(from_microcode)', line 673
L0673@00C8.gl_esc:  directByte = 0x07, outChar(from_microcode);

Line 675: resolved aliases:  goto in 'gotChar = 1, if false then continue else gl', line 675
L0675@00CA.  gotChar = 1, if false then continue else gl;

Warning: else clause missing in if statement, default value '' will be used
Line 678: resolved aliases:  BACKSPACE in 'directByte = 0x08, outChar(from_microcode)', line 678
L0678@00CC.  directByte = 0x08, outChar(from_microcode);

Line 679: resolved aliases:  goto in 'InlEnd <= dec, if false then continue else gl_write0', line 679
L0679@00CD.  InlEnd <= dec, if false then continue else gl_write0;

Line 685: resolved aliases:  goto in 'gotChar = 1, BP <= Inline_start, if false then continue else fetch', line 685
L0685@00D2.  gotChar = 1, BP <= Inline_start, if false then continue else fetch;

Warning: else clause missing in if statement, default value '' will be used
Warning: else clause missing in if statement, default value '' will be used
Line 691: resolved aliases:  goto in 'if false then continue else gl_tabloop', line 691
L0691@00D7.  if false then continue else gl_tabloop;

Line 696: resolved aliases:  traceString in 'trace(from_microcode), directByte = 40', line 696
L0696@00D8.  trace(from_microcode), directByte = 40;

Warning: else clause missing in if statement, default value '' will be used
Warning: else clause missing in if statement, default value '' will be used
Line 706: resolved aliases:  CR in 'directByte = 0x0D, if MDR_EQU_DB then il_fork', line 706
L0706@00E1.  directByte = 0x0D, if MDR_EQU_DB then il_fork;

Warning: else clause missing in if statement, default value '' will be used
Line 707: resolved aliases:  goto in 'T <= inc, if false then continue else il_findBE', line 707
L0707@00E2.  T <= inc, if false then continue else il_findBE;

Line 715: resolved aliases:  goto in 'if false then continue else WarmStart', line 715
L0715@00E8.  if false then continue else WarmStart;

Line 721: resolved aliases:  goto in 'if false then continue else RSTACK_ERR', line 721
L0721@00EC.replaceLine:  if false then continue else RSTACK_ERR;

Line 723: resolved aliases:  goto in 'if false then continue else ESTACK_ERR', line 723
L0723@00ED.insertLine:  if false then continue else ESTACK_ERR;

Line 733: resolved aliases:  CR in 'directByte = 0x0D, if MDR_EQU_DB then next else app_loop', line 733
L0733@00F6.  directByte = 0x0D, if MDR_EQU_DB then next else app_loop;

Line 735: resolved aliases:  goto in 'if false then continue else WarmStart', line 735
L0735@00F8.  if false then continue else WarmStart;

Line 746: resolved aliases:  goto in 'PrgEnd <= T, if false then continue else scan_exit', line 746
L0746@0101.  PrgEnd <= T, if false then continue else scan_exit;

Line 751: resolved aliases:  goto in 'T <= inc, if false then continue else scan_loop', line 751
L0751@0106.scan_line:  T <= inc, if false then continue else scan_loop;

Warning: else clause missing in if statement, default value '' will be used
Line 758: resolved aliases:  goto in 'ExpStack <= push_TWord, if false then continue else scan_line', line 758
L0758@010D.  ExpStack <= push_TWord, if false then continue else scan_line;

Line 761: resolved aliases:  back in 'alu <= S_minus_R, if true then return else continue', line 761
L0761@0110.scan_exit:  alu <= S_minus_R, if true then return else continue;

Warning: else clause missing in if statement, default value '' will be used
Line 771: resolved aliases:  goto in 'alu <= copy_inc, if false then continue else dbs_loop', line 771
L0771@0118.  alu <= copy_inc, if false then continue else dbs_loop;

Line 776: resolved aliases:  traceString in 'trace(from_microcode), directByte = 43', line 776
L0776@0119.  trace(from_microcode), directByte = 43;

Line 777: resolved aliases:  goto in 'if false then continue else ColdStart', line 777
L0777@011A.  if false then continue else ColdStart;

Line 782: resolved aliases:  traceString in 'trace(from_microcode), directByte = 42', line 782
L0782@011B.  trace(from_microcode), directByte = 42;

Warning: else clause missing in if statement, default value '' will be used
Line 787: resolved aliases:  goto in 'Lino <= T, if false then continue else fetch', line 787
L0787@0120.  Lino <= T, if false then continue else fetch;

Line 792: resolved aliases:  traceString in 'trace(from_microcode), directByte = 44', line 792
L0792@0121.  trace(from_microcode), directByte = 44;

Line 797: resolved aliases:  goto in 'if false then continue else print_lino', line 797
L0797@0126.  if false then continue else print_lino;

Line 802: resolved aliases:  traceString in 'trace(from_microcode), directByte = 19', line 802
L0802@0127.  trace(from_microcode), directByte = 19;

Warning: else clause missing in if statement, default value '' will be used
Line 804: resolved aliases:  goto in 'IL_PC <= RetStack, RetStack <= pop, if false then continue else fetch', line 804
L0804@0129.  IL_PC <= RetStack, RetStack <= pop, if false then continue else fetch;

Warning: mask value 7 detected. Range will be 48 to 55
Line 809: resolved aliases:  traceString in 'trace(from_microcode), directByte = 20', line 809
L0809@012A.  trace(from_microcode), directByte = 20;

Line 810: resolved aliases:  traceString in 'trace(from_microcode), directByte = 3', line 810
L0810@012B.  trace(from_microcode), directByte = 3;

Warning: else clause missing in if statement, default value '' will be used
Line 812: resolved aliases:  goto in 'RetStack <= push_IL_PC_PLUS_1, if false then continue else jump', line 812
L0812@012D.  RetStack <= push_IL_PC_PLUS_1, if false then continue else jump;

Warning: mask value 7 detected. Range will be 56 to 63
Line 817: resolved aliases:  traceString in 'trace(from_microcode), directByte = 21', line 817
L0817@012E.  trace(from_microcode), directByte = 21;

Line 818: resolved aliases:  traceString in 'trace(from_microcode), directByte = 3', line 818
L0818@012F.  trace(from_microcode), directByte = 3;

Line 819: resolved aliases:  goto in 'IL_PC <= direct11, if false then continue else fetch', line 819
L0819@0130.jump:  IL_PC <= direct11, if false then continue else fetch;

Warning: mask value 63 detected. Range will be 64 to 127
Line 824: resolved aliases:  traceString in 'trace(from_microcode), directByte = 7', line 824
L0824@0131.  trace(from_microcode), directByte = 7;

Line 826: resolved aliases:  traceGoto in 'trace(from_microcode), directByte = 30', line 826
L0826@0133.br_exit:  trace(from_microcode), directByte = 30;

Line 827: resolved aliases:  goto in 'if false then continue else fetch', line 827
L0827@0134.  if false then continue else fetch;

Line 832: resolved aliases:  traceString in 'trace(from_microcode), directByte = 7', line 832
L0832@0135.  trace(from_microcode), directByte = 7;

Line 833: resolved aliases:  goto in 'if false then continue else badop', line 833
L0833@0136.  if false then continue else badop;

Warning: mask value 31 detected. Range will be 128 to 159
Line 838: resolved aliases:  traceString in 'trace(from_microcode), directByte = 17', line 838
L0838@0137.  trace(from_microcode), directByte = 17;

Line 840: resolved aliases:  traceString in 'trace(from_microcode), directByte = 3', line 840
L0840@0139.bc_loop:  trace(from_microcode), directByte = 3;

Warning: else clause missing in if statement, default value '' will be used
Line 844: resolved aliases:  goto in 'BP <= inc, IL_PC <= inc, if false then continue else bc_loop', line 844
L0844@013D.  BP <= inc, IL_PC <= inc, if false then continue else bc_loop;

Line 847: resolved aliases:  goto in 'if false then continue else fetch', line 847
L0847@0140.  if false then continue else fetch;

Warning: mask value 31 detected. Range will be 160 to 191
Line 855: resolved aliases:  traceString in 'trace(from_microcode), directByte = 16', line 855
L0855@0144.  trace(from_microcode), directByte = 16;

Warning: else clause missing in if statement, default value '' will be used
Warning: else clause missing in if statement, default value '' will be used
Line 860: resolved aliases:  goto in 'ExpStack <= push_TByte, BP <= inc, if false then continue else fetch', line 860
L0860@0149.  ExpStack <= push_TByte, BP <= inc, if false then continue else fetch;

Warning: mask value 31 detected. Range will be 192 to 223
Line 865: resolved aliases:  traceString in 'trace(from_microcode), directByte = 14', line 865
L0865@014A.  trace(from_microcode), directByte = 14;

Warning: else clause missing in if statement, default value '' will be used
Warning: else clause missing in if statement, default value '' will be used
Line 870: resolved aliases:  traceGoto in 'trace(from_microcode), directByte = 30', line 870
L0870@014F.  trace(from_microcode), directByte = 30;

Line 871: resolved aliases:  goto in 'if false then continue else fetch', line 871
L0871@0150.  if false then continue else fetch;

Warning: else clause missing in if statement, default value '' will be used
Warning: else clause missing in if statement, default value '' will be used
Warning: else clause missing in if statement, default value '' will be used
Line 877: resolved aliases:  goto in 'ExpStack <= push_TWord, if false then continue else bn_exit', line 877
L0877@0156.  ExpStack <= push_TWord, if false then continue else bn_exit;

Warning: mask value 31 detected. Range will be 224 to 255
Line 882: resolved aliases:  traceString in 'trace(from_microcode), directByte = 13', line 882
L0882@0157.  trace(from_microcode), directByte = 13;

Line 884: resolved aliases:  CR in 'directByte = 0x0D, if MDR_EQU_DB then fetch', line 884
L0884@0159.  directByte = 0x0D, if MDR_EQU_DB then fetch;

Warning: else clause missing in if statement, default value '' will be used
Line 889: resolved aliases:  traceString in 'gotChar = 1, trace(from_microcode), directByte = 55', line 889
L0889@015B.BREAK:  gotChar = 1, trace(from_microcode), directByte = 55;

Line 892: resolved aliases:  goto in 'if false then continue else traceDetails', line 892
L0892@015E.  if false then continue else traceDetails;

Line 894: resolved aliases:  traceString in 'trace(from_microcode), directByte = 50', line 894
L0894@015F.NOPROG_ERR:  trace(from_microcode), directByte = 50;

Line 895: resolved aliases:  goto in 'if false then continue else traceError', line 895
L0895@0160.  if false then continue else traceError;

Line 896: resolved aliases:  traceString in 'trace(from_microcode), directByte = 57', line 896
L0896@0161.DIVBY0_ERR:  trace(from_microcode), directByte = 57;

Line 897: resolved aliases:  goto in 'if false then continue else traceError', line 897
L0897@0162.  if false then continue else traceError;

Line 898: resolved aliases:  traceString in 'trace(from_microcode), directByte = 58', line 898
L0898@0163.OVERFLOW_ERR:  trace(from_microcode), directByte = 58;

Line 899: resolved aliases:  goto in 'if false then continue else traceError', line 899
L0899@0164.  if false then continue else traceError;

Line 900: resolved aliases:  traceString in 'trace(from_microcode), directByte = 61', line 900
L0900@0165.SYNTAX_ERR:  trace(from_microcode), directByte = 61;

Line 901: resolved aliases:  goto in 'if false then continue else traceError', line 901
L0901@0166.  if false then continue else traceError;

Line 902: resolved aliases:  traceString in 'trace(from_microcode), directByte = 62', line 902
L0902@0167.INTERNAL_ERR:  trace(from_microcode), directByte = 62;

Line 903: resolved aliases:  goto in 'if false then continue else traceError', line 903
L0903@0168.  if false then continue else traceError;

Line 904: resolved aliases:  traceString in 'trace(from_microcode), directByte = 60', line 904
L0904@0169.ESTACK_ERR:  trace(from_microcode), directByte = 60;

Line 905: resolved aliases:  goto in 'if false then continue else traceError', line 905
L0905@016A.  if false then continue else traceError;

Line 906: resolved aliases:  traceString in 'trace(from_microcode), directByte = 59', line 906
L0906@016B.RSTACK_ERR:  trace(from_microcode), directByte = 59;

Line 907: resolved aliases:  goto in 'if false then continue else traceError', line 907
L0907@016C.  if false then continue else traceError;

Line 908: resolved aliases:  traceString in 'trace(from_microcode), directByte = 54', line 908
L0908@016D.BSTACK_ERR:  trace(from_microcode), directByte = 54;

Line 925: resolved aliases:  goto in 'if false then continue else WarmStart', line 925
L0925@017E.  if false then continue else WarmStart;

Line 928: resolved aliases:  CR in 'directByte = 0x0D, if MDR_EQU_DB then return', line 928
L0928@0180.  directByte = 0x0D, if MDR_EQU_DB then return;

Warning: else clause missing in if statement, default value '' will be used
Line 929: resolved aliases:  NULL in 'directByte = 0x00, if MDR_EQU_DB then INTERNAL_ERR', line 929
L0929@0181.  directByte = 0x00, if MDR_EQU_DB then INTERNAL_ERR;

Warning: else clause missing in if statement, default value '' will be used
Line 930: resolved aliases:  goto in 'T <= inc, if false then continue else findNextCR', line 930
L0930@0182.  T <= inc, if false then continue else findNextCR;

Line 935: resolved aliases:  back in 'alu <= Rx256_plus_MDR, T <= inc, if true then return else continue', line 935
L0935@0186.  alu <= Rx256_plus_MDR, T <= inc, if true then return else continue;

Line 939: resolved aliases:  back in 'if true then return else continue', line 939
L0939@0189.  if true then return else continue;

Warning: else clause missing in if statement, default value '' will be used
Warning: else clause missing in if statement, default value '' will be used
Line 945: resolved aliases:  back in 'alu <= S_fromStack, ExpStack <= pop2, if true then return else continue', line 945
L0945@018D.  alu <= S_fromStack, ExpStack <= pop2, if true then return else continue;

Line 962: resolved aliases:  goto in 'CHAROUT <= from_YtoAlpha, if false then continue else outChar', line 962
L0962@019A.  CHAROUT <= from_YtoAlpha, if false then continue else outChar;

Line 965: resolved aliases:  back in 'alu <= Yx16, if true then return else continue', line 965
L0965@019C.out_skip:  alu <= Yx16, if true then return else continue;

Warning: else clause missing in if statement, default value '' will be used
Line 969: resolved aliases:  TAB in 'directByte = 0x09, if MDR_EQU_DB then skipSp else return', line 969
L0969@019F.  directByte = 0x09, if MDR_EQU_DB then skipSp else return;

Line 970: resolved aliases:  goto in 'BP <= inc, if false then continue else skipSpaces', line 970
L0970@01A0.skipSp:  BP <= inc, if false then continue else skipSpaces;

Line 974: resolved aliases:  goto, BEEP in 'directByte = 0x07, CHAROUT <= from_microcode, if false then continue else outChar', line 974
L0974@01A3.  directByte = 0x07, CHAROUT <= from_microcode, if false then continue else outChar;

Line 976: resolved aliases:  CR in 'directByte = 0x0D, outChar(from_microcode)', line 976
L0976@01A4.outCRLF:  directByte = 0x0D, outChar(from_microcode);

Line 977: resolved aliases:  LF in 'directByte = 0x0A, CHAROUT <= from_microcode', line 977
L0977@01A5.  directByte = 0x0A, CHAROUT <= from_microcode;

Line 984: resolved aliases:  back in 'nRD = 0, MDR <= from_Bus, if true then return else continue', line 984
L0984@01AA.  nRD = 0, MDR <= from_Bus, if true then return else continue;

Line 991: resolved aliases:  NULL in 'directByte = 0x00, if MDR_EQU_DB then dump_inex', line 991
L0991@01AE.  directByte = 0x00, if MDR_EQU_DB then dump_inex;

Warning: else clause missing in if statement, default value '' will be used
Line 992: resolved aliases:  goto in 'InlEnd <= inc, if false then continue else dump_inlp', line 992
L0992@01AF.  InlEnd <= inc, if false then continue else dump_inlp;

Line 994: resolved aliases:  back in 'if true then return else continue', line 994
L0994@01B1.  if true then return else continue;

Line 997: resolved aliases:  traceString in 'trace(from_microcode), directByte = 33', line 997
L0997@01B3.  trace(from_microcode), directByte = 33;

Line 998: resolved aliases:  back in 'T <= ExpStack, ExpStack <= pop2, if true then return else continue', line 998
L0998@01B4.  T <= ExpStack, ExpStack <= pop2, if true then return else continue;

Line 1001: resolved aliases:  traceString in 'trace(from_microcode), directByte = 32', line 1001
L1001@01B6.  trace(from_microcode), directByte = 32;

Line 1002: resolved aliases:  back in 'T <= ExpStack, ExpStack <= pop2, if true then return else continue', line 1002
L1002@01B7.  T <= ExpStack, ExpStack <= pop2, if true then return else continue;

Line 1005: resolved aliases:  traceT in 'T <= save, trace(from_microcode), directByte = 52', line 1005
L1005@01B9.  T <= save, trace(from_microcode), directByte = 52;

Line 1006: resolved aliases:  traceString in 'T <= from_S, trace(from_microcode), directByte = 52', line 1006
L1006@01BA.  T <= from_S, trace(from_microcode), directByte = 52;

Line 1007: resolved aliases:  traceString in 'T <= from_R, trace(from_microcode), directByte = 52', line 1007
L1007@01BB.  T <= from_R, trace(from_microcode), directByte = 52;

Line 1008: resolved aliases:  traceString in 'T <= from_YHi, trace(from_microcode), directByte = 53', line 1008
L1008@01BC.  T <= from_YHi, trace(from_microcode), directByte = 53;

Line 1009: resolved aliases:  traceString in 'T <= from_YLo, trace(from_microcode), directByte = 52', line 1009
L1009@01BD.  T <= from_YLo, trace(from_microcode), directByte = 52;

Line 1013: resolved aliases:  back in 'DBGINDEX <= zero, if true then return else continue', line 1013
L1013@01C1.  DBGINDEX <= zero, if true then return else continue;

Success: pass 0 on microBasic.mcc - 1023 line(s) read, 565 statement(s) parsed, code address range 0xFFFFFFFF - 0x01C2.
Compiling microBasic.mcc, pass 2 out of 2.
Info: line -1 - symbol[0000] <= '00100000_00100000_00100000_00100000_00100000_00100000_00100000_00100000_00100000_00100000_00100000_00100000_00100000_00100000_00100000_00100000_00100000_00100000_00100000_00100000_00100000_00100000_00100000_00100000_00100000_00100000_00100000_00100000_00100000_00100000_00100000_00100000_'
Info: line -1 - symbol[0001] <= '00100000_00100000_00100000_00100000_00100000_00100000_00100000_00100000_00100000_00100000_00100000_00100000_00100000_00100000_00100000_00100000_00100000_00100000_00100000_00100000_00100000_00100000_00100000_00100000_00100000_00100000_00100000_00100000_00100000_00100000_00100000_00100000_'
Info: line -1 - symbol[0002] <= '00100000_00100000_00100000_00100000_00100000_00100000_00100000_00100000_00100000_00100000_00100000_00100000_00100000_00100000_00100000_00100000_00100000_00100000_00100000_00100000_00100000_00100000_00100000_00100000_00100000_00100000_00100000_00100000_00100000_00100000_00100000_00100000_'
Info: line -1 - symbol[0003] <= '00100000_00100000_00100000_00100000_00100000_00100000_00100000_00100000_00100000_00100000_00100000_00100000_00100000_00100000_00100000_00100000_00100000_00100000_00100000_00100000_00100000_00100000_00100000_00100000_00100000_00100000_00100000_00100000_00100000_00100000_00100000_00100000_'
Info: line -1 - symbol[0004] <= '00100000_00100000_00100000_00100000_00100000_00100000_00100000_00100000_00100000_00100000_00100000_00100000_00100000_00100000_00100000_00100000_00100000_00100000_00100000_00100000_00100000_00100000_00100000_00100000_00100000_00100000_00100000_00100000_00100000_00100000_00100000_00100000_'
Info: line -1 - symbol[0005] <= '00100000_00100000_00100000_00100000_00100000_00100000_00100000_00100000_00100000_00100000_00100000_00100000_00100000_00100000_00100000_00100000_00100000_00100000_00100000_00100000_00100000_00100000_00100000_00100000_00100000_00100000_00100000_00100000_00100000_00100000_00100000_00100000_'
Info: line -1 - symbol[0006] <= '00100000_00100000_00100000_00100000_00100000_00100000_00100000_00100000_00100000_00100000_00100000_00100000_00100000_00100000_00100000_00100000_00100000_00100000_00100000_00100000_00100000_00100000_00100000_00100000_00100000_00100000_00100000_00100000_00100000_00100000_00100000_00100000_'
Info: line -1 - symbol[0007] <= '00100000_00100000_00100000_00100000_00100000_00100000_00100000_00100000_00100000_00100000_00100000_00100000_00100000_00100000_00100000_00100000_00100000_00100000_00100000_00100000_00100000_00100000_00100000_00100000_00100000_00100000_00100000_00100000_00100000_00100000_00100000_00100000_'
Info: line -1 - symbol[0008] <= '00100000_00100000_00100000_00100000_00100000_00100000_00100000_00100000_00100000_00100000_00100000_00100000_00100000_00100000_00100000_00100000_00100000_00100000_00100000_00100000_00100000_00100000_00100000_00100000_00100000_00100000_00100000_00100000_00100000_00100000_00100000_00100000_'
Info: line -1 - symbol[0009] <= '00100000_00100000_00100000_00100000_00100000_00100000_00100000_00100000_00100000_00100000_00100000_00100000_00100000_00100000_00100000_00100000_00100000_00100000_00100000_00100000_00100000_00100000_00100000_00100000_00100000_00100000_00100000_00100000_00100000_00100000_00100000_00100000_'
Info: line -1 - symbol[000A] <= '00100000_00100000_00100000_00100000_00100000_00100000_00100000_00100000_00100000_00100000_00100000_00100000_00100000_00100000_00100000_00100000_00100000_00100000_00100000_00100000_00100000_00100000_00100000_00100000_00100000_00100000_00100000_00100000_00100000_00100000_00100000_00100000_'
Info: line -1 - symbol[000B] <= '00100000_00100000_00100000_00100000_00100000_00100000_00100000_00100000_00100000_00100000_00100000_00100000_00100000_00100000_00100000_00100000_00100000_00100000_00100000_00100000_00100000_00100000_00100000_00100000_00100000_00100000_00100000_00100000_00100000_00100000_00100000_00100000_'
Info: line -1 - symbol[000C] <= '00100000_00100000_00100000_00100000_00100000_00100000_00100000_00100000_00100000_00100000_00100000_00100000_00100000_00100000_00100000_00100000_00100000_00100000_00100000_00100000_00100000_00100000_00100000_00100000_00100000_00100000_00100000_00100000_00100000_00100000_00100000_00100000_'
Info: line -1 - symbol[000D] <= '00100000_00100000_00100000_00100000_00100000_00100000_00100000_00100000_00100000_00100000_00100000_00100000_00100000_00100000_00100000_00100000_00100000_00100000_00100000_00100000_00100000_00100000_00100000_00100000_00100000_00100000_00100000_00100000_00100000_00100000_00100000_00100000_'
Info: line -1 - symbol[000E] <= '00100000_00100000_00100000_00100000_00100000_00100000_00100000_00100000_00100000_00100000_00100000_00100000_00100000_00100000_00100000_00100000_00100000_00100000_00100000_00100000_00100000_00100000_00100000_00100000_00100000_00100000_00100000_00100000_00100000_00100000_00100000_00100000_'
Info: line -1 - symbol[000F] <= '00100000_00100000_00100000_00100000_00100000_00100000_00100000_00100000_00100000_00100000_00100000_00100000_00100000_00100000_00100000_00100000_00100000_00100000_00100000_00100000_00100000_00100000_00100000_00100000_00100000_00100000_00100000_00100000_00100000_00100000_00100000_00100000_'
Info: line -1 - symbol[0010] <= '00100000_00100000_00100000_00100000_00100000_00100000_00100000_00100000_00100000_00100000_00100000_00100000_00100000_00100000_00100000_00100000_00100000_00100000_00100000_00100000_00100000_00100000_00100000_00100000_00100000_00100000_00100000_00100000_00100000_00100000_00100000_00100000_'
Info: line -1 - symbol[0011] <= '00100000_00100000_00100000_00100000_00100000_00100000_00100000_00100000_00100000_00100000_00100000_00100000_00100000_00100000_00100000_00100000_00100000_00100000_00100000_00100000_00100000_00100000_00100000_00100000_00100000_00100000_00100000_00100000_00100000_00100000_00100000_00100000_'
Info: line -1 - symbol[0012] <= '00100000_00100000_00100000_00100000_00100000_00100000_00100000_00100000_00100000_00100000_00100000_00100000_00100000_00100000_00100000_00100000_00100000_00100000_00100000_00100000_00100000_00100000_00100000_00100000_00100000_00100000_00100000_00100000_00100000_00100000_00100000_00100000_'
Info: line -1 - symbol[0013] <= '00100000_00100000_00100000_00100000_00100000_00100000_00100000_00100000_00100000_00100000_00100000_00100000_00100000_00100000_00100000_00100000_00100000_00100000_00100000_00100000_00100000_00100000_00100000_00100000_00100000_00100000_00100000_00100000_00100000_00100000_00100000_00100000_'
Info: line -1 - symbol[0014] <= '00100000_00100000_00100000_00100000_00100000_00100000_00100000_00100000_00100000_00100000_00100000_00100000_00100000_00100000_00100000_00100000_00100000_00100000_00100000_00100000_00100000_00100000_00100000_00100000_00100000_00100000_00100000_00100000_00100000_00100000_00100000_00100000_'
Info: line -1 - symbol[0015] <= '00100000_00100000_00100000_00100000_00100000_00100000_00100000_00100000_00100000_00100000_00100000_00100000_00100000_00100000_00100000_00100000_00100000_00100000_00100000_00100000_00100000_00100000_00100000_00100000_00100000_00100000_00100000_00100000_00100000_00100000_00100000_00100000_'
Info: line -1 - symbol[0016] <= '00100000_00100000_00100000_00100000_00100000_00100000_00100000_00100000_00100000_00100000_00100000_00100000_00100000_00100000_00100000_00100000_00100000_00100000_00100000_00100000_00100000_00100000_00100000_00100000_00100000_00100000_00100000_00100000_00100000_00100000_00100000_00100000_'
Info: line -1 - symbol[0017] <= '00100000_00100000_00100000_00100000_00100000_00100000_00100000_00100000_00100000_00100000_00100000_00100000_00100000_00100000_00100000_00100000_00100000_00100000_00100000_00100000_00100000_00100000_00100000_00100000_00100000_00100000_00100000_00100000_00100000_00100000_00100000_00100000_'
Info: line -1 - symbol[0018] <= '00100000_00100000_00100000_00100000_00100000_00100000_00100000_00100000_00100000_00100000_00100000_00100000_00100000_00100000_00100000_00100000_00100000_00100000_00100000_00100000_00100000_00100000_00100000_00100000_00100000_00100000_00100000_00100000_00100000_00100000_00100000_00100000_'
Info: line -1 - symbol[0019] <= '00100000_00100000_00100000_00100000_00100000_00100000_00100000_00100000_00100000_00100000_00100000_00100000_00100000_00100000_00100000_00100000_00100000_00100000_00100000_00100000_00100000_00100000_00100000_00100000_00100000_00100000_00100000_00100000_00100000_00100000_00100000_00100000_'
Info: line -1 - symbol[001A] <= '00100000_00100000_00100000_00100000_00100000_00100000_00100000_00100000_00100000_00100000_00100000_00100000_00100000_00100000_00100000_00100000_00100000_00100000_00100000_00100000_00100000_00100000_00100000_00100000_00100000_00100000_00100000_00100000_00100000_00100000_00100000_00100000_'
Info: line -1 - symbol[001B] <= '00100000_00100000_00100000_00100000_00100000_00100000_00100000_00100000_00100000_00100000_00100000_00100000_00100000_00100000_00100000_00100000_00100000_00100000_00100000_00100000_00100000_00100000_00100000_00100000_00100000_00100000_00100000_00100000_00100000_00100000_00100000_00100000_'
Info: line -1 - symbol[001C] <= '00100000_00100000_00100000_00100000_00100000_00100000_00100000_00100000_00100000_00100000_00100000_00100000_00100000_00100000_00100000_00100000_00100000_00100000_00100000_00100000_00100000_00100000_00100000_00100000_00100000_00100000_00100000_00100000_00100000_00100000_00100000_00100000_'
Info: line -1 - symbol[001D] <= '00100000_00100000_00100000_00100000_00100000_00100000_00100000_00100000_00100000_00100000_00100000_00100000_00100000_00100000_00100000_00100000_00100000_00100000_00100000_00100000_00100000_00100000_00100000_00100000_00100000_00100000_00100000_00100000_00100000_00100000_00100000_00100000_'
Info: line -1 - symbol[001E] <= '00100000_00100000_00100000_00100000_00100000_00100000_00100000_00100000_00100000_00100000_00100000_00100000_00100000_00100000_00100000_00100000_00100000_00100000_00100000_00100000_00100000_00100000_00100000_00100000_00100000_00100000_00100000_00100000_00100000_00100000_00100000_00100000_'
Info: line -1 - symbol[001F] <= '00100000_00100000_00100000_00100000_00100000_00100000_00100000_00100000_00100000_00100000_00100000_00100000_00100000_00100000_00100000_00100000_00100000_00100000_00100000_00100000_00100000_00100000_00100000_00100000_00100000_00100000_00100000_00100000_00100000_00100000_00100000_00100000_'
Info: line -1 - symbol[0020] <= '00100000_00100000_00100000_00100000_00100000_00100000_00100000_00100000_00100000_00100000_00100000_00100000_00100000_00100000_00100000_00100000_00100000_00100000_00100000_00100000_00100000_00100000_00100000_00100000_00100000_00100000_00100000_00100000_00100000_00100000_00100000_00100000_'
Info: line -1 - symbol[0021] <= '00100000_00100000_00100000_00100000_00100000_00100000_00100000_00100000_00100000_00100000_00100000_00100000_00100000_00100000_00100000_00100000_00100000_00100000_00100000_00100000_00100000_00100000_00100000_00100000_00100000_00100000_00100000_00100000_00100000_00100000_00100000_00100000_'
Info: line -1 - symbol[0022] <= '00100000_00100000_00100000_00100000_00100000_00100000_00100000_00100000_00100000_00100000_00100000_00100000_00100000_00100000_00100000_00100000_00100000_00100000_00100000_00100000_00100000_00100000_00100000_00100000_00100000_00100000_00100000_00100000_00100000_00100000_00100000_00100000_'
Info: line -1 - symbol[0023] <= '00100000_00100000_00100000_00100000_00100000_00100000_00100000_00100000_00100000_00100000_00100000_00100000_00100000_00100000_00100000_00100000_00100000_00100000_00100000_00100000_00100000_00100000_00100000_00100000_00100000_00100000_00100000_00100000_00100000_00100000_00100000_00100000_'
Info: line -1 - symbol[0024] <= '00100000_00100000_00100000_00100000_00100000_00100000_00100000_00100000_00100000_00100000_00100000_00100000_00100000_00100000_00100000_00100000_00100000_00100000_00100000_00100000_00100000_00100000_00100000_00100000_00100000_00100000_00100000_00100000_00100000_00100000_00100000_00100000_'
Info: line -1 - symbol[0025] <= '00100000_00100000_00100000_00100000_00100000_00100000_00100000_00100000_00100000_00100000_00100000_00100000_00100000_00100000_00100000_00100000_00100000_00100000_00100000_00100000_00100000_00100000_00100000_00100000_00100000_00100000_00100000_00100000_00100000_00100000_00100000_00100000_'
Info: line -1 - symbol[0026] <= '00100000_00100000_00100000_00100000_00100000_00100000_00100000_00100000_00100000_00100000_00100000_00100000_00100000_00100000_00100000_00100000_00100000_00100000_00100000_00100000_00100000_00100000_00100000_00100000_00100000_00100000_00100000_00100000_00100000_00100000_00100000_00100000_'
Info: line -1 - symbol[0027] <= '00100000_00100000_00100000_00100000_00100000_00100000_00100000_00100000_00100000_00100000_00100000_00100000_00100000_00100000_00100000_00100000_00100000_00100000_00100000_00100000_00100000_00100000_00100000_00100000_00100000_00100000_00100000_00100000_00100000_00100000_00100000_00100000_'
Info: line -1 - symbol[0028] <= '00100000_00100000_00100000_00100000_00100000_00100000_00100000_00100000_00100000_00100000_00100000_00100000_00100000_00100000_00100000_00100000_00100000_00100000_00100000_00100000_00100000_00100000_00100000_00100000_00100000_00100000_00100000_00100000_00100000_00100000_00100000_00100000_'
Info: line -1 - symbol[0029] <= '00100000_00100000_00100000_00100000_00100000_00100000_00100000_00100000_00100000_00100000_00100000_00100000_00100000_00100000_00100000_00100000_00100000_00100000_00100000_00100000_00100000_00100000_00100000_00100000_00100000_00100000_00100000_00100000_00100000_00100000_00100000_00100000_'
Info: line -1 - symbol[002A] <= '00100000_00100000_00100000_00100000_00100000_00100000_00100000_00100000_00100000_00100000_00100000_00100000_00100000_00100000_00100000_00100000_00100000_00100000_00100000_00100000_00100000_00100000_00100000_00100000_00100000_00100000_00100000_00100000_00100000_00100000_00100000_00100000_'
Info: line -1 - symbol[002B] <= '00100000_00100000_00100000_00100000_00100000_00100000_00100000_00100000_00100000_00100000_00100000_00100000_00100000_00100000_00100000_00100000_00100000_00100000_00100000_00100000_00100000_00100000_00100000_00100000_00100000_00100000_00100000_00100000_00100000_00100000_00100000_00100000_'
Info: line -1 - symbol[002C] <= '00100000_00100000_00100000_00100000_00100000_00100000_00100000_00100000_00100000_00100000_00100000_00100000_00100000_00100000_00100000_00100000_00100000_00100000_00100000_00100000_00100000_00100000_00100000_00100000_00100000_00100000_00100000_00100000_00100000_00100000_00100000_00100000_'
Info: line -1 - symbol[002D] <= '00100000_00100000_00100000_00100000_00100000_00100000_00100000_00100000_00100000_00100000_00100000_00100000_00100000_00100000_00100000_00100000_00100000_00100000_00100000_00100000_00100000_00100000_00100000_00100000_00100000_00100000_00100000_00100000_00100000_00100000_00100000_00100000_'
Info: line -1 - symbol[002E] <= '00100000_00100000_00100000_00100000_00100000_00100000_00100000_00100000_00100000_00100000_00100000_00100000_00100000_00100000_00100000_00100000_00100000_00100000_00100000_00100000_00100000_00100000_00100000_00100000_00100000_00100000_00100000_00100000_00100000_00100000_00100000_00100000_'
Info: line -1 - symbol[002F] <= '00100000_00100000_00100000_00100000_00100000_00100000_00100000_00100000_00100000_00100000_00100000_00100000_00100000_00100000_00100000_00100000_00100000_00100000_00100000_00100000_00100000_00100000_00100000_00100000_00100000_00100000_00100000_00100000_00100000_00100000_00100000_00100000_'
Info: line -1 - symbol[0030] <= '00100000_00100000_00100000_00100000_00100000_00100000_00100000_00100000_00100000_00100000_00100000_00100000_00100000_00100000_00100000_00100000_00100000_00100000_00100000_00100000_00100000_00100000_00100000_00100000_00100000_00100000_00100000_00100000_00100000_00100000_00100000_00100000_'
Info: line -1 - symbol[0031] <= '00100000_00100000_00100000_00100000_00100000_00100000_00100000_00100000_00100000_00100000_00100000_00100000_00100000_00100000_00100000_00100000_00100000_00100000_00100000_00100000_00100000_00100000_00100000_00100000_00100000_00100000_00100000_00100000_00100000_00100000_00100000_00100000_'
Info: line -1 - symbol[0032] <= '00100000_00100000_00100000_00100000_00100000_00100000_00100000_00100000_00100000_00100000_00100000_00100000_00100000_00100000_00100000_00100000_00100000_00100000_00100000_00100000_00100000_00100000_00100000_00100000_00100000_00100000_00100000_00100000_00100000_00100000_00100000_00100000_'
Info: line -1 - symbol[0033] <= '00100000_00100000_00100000_00100000_00100000_00100000_00100000_00100000_00100000_00100000_00100000_00100000_00100000_00100000_00100000_00100000_00100000_00100000_00100000_00100000_00100000_00100000_00100000_00100000_00100000_00100000_00100000_00100000_00100000_00100000_00100000_00100000_'
Info: line -1 - symbol[0034] <= '00100000_00100000_00100000_00100000_00100000_00100000_00100000_00100000_00100000_00100000_00100000_00100000_00100000_00100000_00100000_00100000_00100000_00100000_00100000_00100000_00100000_00100000_00100000_00100000_00100000_00100000_00100000_00100000_00100000_00100000_00100000_00100000_'
Info: line -1 - symbol[0035] <= '00100000_00100000_00100000_00100000_00100000_00100000_00100000_00100000_00100000_00100000_00100000_00100000_00100000_00100000_00100000_00100000_00100000_00100000_00100000_00100000_00100000_00100000_00100000_00100000_00100000_00100000_00100000_00100000_00100000_00100000_00100000_00100000_'
Info: line -1 - symbol[0036] <= '00100000_00100000_00100000_00100000_00100000_00100000_00100000_00100000_00100000_00100000_00100000_00100000_00100000_00100000_00100000_00100000_00100000_00100000_00100000_00100000_00100000_00100000_00100000_00100000_00100000_00100000_00100000_00100000_00100000_00100000_00100000_00100000_'
Info: line -1 - symbol[0037] <= '00100000_00100000_00100000_00100000_00100000_00100000_00100000_00100000_00100000_00100000_00100000_00100000_00100000_00100000_00100000_00100000_00100000_00100000_00100000_00100000_00100000_00100000_00100000_00100000_00100000_00100000_00100000_00100000_00100000_00100000_00100000_00100000_'
Info: line -1 - symbol[0038] <= '00100000_00100000_00100000_00100000_00100000_00100000_00100000_00100000_00100000_00100000_00100000_00100000_00100000_00100000_00100000_00100000_00100000_00100000_00100000_00100000_00100000_00100000_00100000_00100000_00100000_00100000_00100000_00100000_00100000_00100000_00100000_00100000_'
Info: line -1 - symbol[0039] <= '00100000_00100000_00100000_00100000_00100000_00100000_00100000_00100000_00100000_00100000_00100000_00100000_00100000_00100000_00100000_00100000_00100000_00100000_00100000_00100000_00100000_00100000_00100000_00100000_00100000_00100000_00100000_00100000_00100000_00100000_00100000_00100000_'
Info: line -1 - symbol[003A] <= '00100000_00100000_00100000_00100000_00100000_00100000_00100000_00100000_00100000_00100000_00100000_00100000_00100000_00100000_00100000_00100000_00100000_00100000_00100000_00100000_00100000_00100000_00100000_00100000_00100000_00100000_00100000_00100000_00100000_00100000_00100000_00100000_'
Info: line -1 - symbol[003B] <= '00100000_00100000_00100000_00100000_00100000_00100000_00100000_00100000_00100000_00100000_00100000_00100000_00100000_00100000_00100000_00100000_00100000_00100000_00100000_00100000_00100000_00100000_00100000_00100000_00100000_00100000_00100000_00100000_00100000_00100000_00100000_00100000_'
Info: line -1 - symbol[003C] <= '00100000_00100000_00100000_00100000_00100000_00100000_00100000_00100000_00100000_00100000_00100000_00100000_00100000_00100000_00100000_00100000_00100000_00100000_00100000_00100000_00100000_00100000_00100000_00100000_00100000_00100000_00100000_00100000_00100000_00100000_00100000_00100000_'
Info: line -1 - symbol[003D] <= '00100000_00100000_00100000_00100000_00100000_00100000_00100000_00100000_00100000_00100000_00100000_00100000_00100000_00100000_00100000_00100000_00100000_00100000_00100000_00100000_00100000_00100000_00100000_00100000_00100000_00100000_00100000_00100000_00100000_00100000_00100000_00100000_'
Info: line -1 - symbol[003E] <= '00100000_00100000_00100000_00100000_00100000_00100000_00100000_00100000_00100000_00100000_00100000_00100000_00100000_00100000_00100000_00100000_00100000_00100000_00100000_00100000_00100000_00100000_00100000_00100000_00100000_00100000_00100000_00100000_00100000_00100000_00100000_00100000_'
Info: line -1 - symbol[003F] <= '00100000_00100000_00100000_00100000_00100000_00100000_00100000_00100000_00100000_00100000_00100000_00100000_00100000_00100000_00100000_00100000_00100000_00100000_00100000_00100000_00100000_00100000_00100000_00100000_00100000_00100000_00100000_00100000_00100000_00100000_00100000_00100000_'
Info: line -1 - symbol[0040] <= '00100000_00100000_00100000_00100000_00100000_00100000_00100000_00100000_00100000_00100000_00100000_00100000_00100000_00100000_00100000_00100000_00100000_00100000_00100000_00100000_00100000_00100000_00100000_00100000_00100000_00100000_00100000_00100000_00100000_00100000_00100000_00100000_'
Info: line -1 - symbol[0041] <= '00100000_00100000_00100000_00100000_00100000_00100000_00100000_00100000_00100000_00100000_00100000_00100000_00100000_00100000_00100000_00100000_00100000_00100000_00100000_00100000_00100000_00100000_00100000_00100000_00100000_00100000_00100000_00100000_00100000_00100000_00100000_00100000_'
Info: line -1 - symbol[0042] <= '00100000_00100000_00100000_00100000_00100000_00100000_00100000_00100000_00100000_00100000_00100000_00100000_00100000_00100000_00100000_00100000_00100000_00100000_00100000_00100000_00100000_00100000_00100000_00100000_00100000_00100000_00100000_00100000_00100000_00100000_00100000_00100000_'
Info: line -1 - symbol[0043] <= '00100000_00100000_00100000_00100000_00100000_00100000_00100000_00100000_00100000_00100000_00100000_00100000_00100000_00100000_00100000_00100000_00100000_00100000_00100000_00100000_00100000_00100000_00100000_00100000_00100000_00100000_00100000_00100000_00100000_00100000_00100000_00100000_'
Info: line -1 - symbol[0044] <= '00100000_00100000_00100000_00100000_00100000_00100000_00100000_00100000_00100000_00100000_00100000_00100000_00100000_00100000_00100000_00100000_00100000_00100000_00100000_00100000_00100000_00100000_00100000_00100000_00100000_00100000_00100000_00100000_00100000_00100000_00100000_00100000_'
Info: line -1 - symbol[0045] <= '00100000_00100000_00100000_00100000_00100000_00100000_00100000_00100000_00100000_00100000_00100000_00100000_00100000_00100000_00100000_00100000_00100000_00100000_00100000_00100000_00100000_00100000_00100000_00100000_00100000_00100000_00100000_00100000_00100000_00100000_00100000_00100000_'
Info: line -1 - symbol[0046] <= '00100000_00100000_00100000_00100000_00100000_00100000_00100000_00100000_00100000_00100000_00100000_00100000_00100000_00100000_00100000_00100000_00100000_00100000_00100000_00100000_00100000_00100000_00100000_00100000_00100000_00100000_00100000_00100000_00100000_00100000_00100000_00100000_'
Info: line -1 - symbol[0047] <= '00100000_00100000_00100000_00100000_00100000_00100000_00100000_00100000_00100000_00100000_00100000_00100000_00100000_00100000_00100000_00100000_00100000_00100000_00100000_00100000_00100000_00100000_00100000_00100000_00100000_00100000_00100000_00100000_00100000_00100000_00100000_00100000_'
Info: line -1 - symbol[0048] <= '00100000_00100000_00100000_00100000_00100000_00100000_00100000_00100000_00100000_00100000_00100000_00100000_00100000_00100000_00100000_00100000_00100000_00100000_00100000_00100000_00100000_00100000_00100000_00100000_00100000_00100000_00100000_00100000_00100000_00100000_00100000_00100000_'
Info: line -1 - symbol[0049] <= '00100000_00100000_00100000_00100000_00100000_00100000_00100000_00100000_00100000_00100000_00100000_00100000_00100000_00100000_00100000_00100000_00100000_00100000_00100000_00100000_00100000_00100000_00100000_00100000_00100000_00100000_00100000_00100000_00100000_00100000_00100000_00100000_'
Info: line -1 - symbol[004A] <= '00100000_00100000_00100000_00100000_00100000_00100000_00100000_00100000_00100000_00100000_00100000_00100000_00100000_00100000_00100000_00100000_00100000_00100000_00100000_00100000_00100000_00100000_00100000_00100000_00100000_00100000_00100000_00100000_00100000_00100000_00100000_00100000_'
Info: line -1 - symbol[004B] <= '00100000_00100000_00100000_00100000_00100000_00100000_00100000_00100000_00100000_00100000_00100000_00100000_00100000_00100000_00100000_00100000_00100000_00100000_00100000_00100000_00100000_00100000_00100000_00100000_00100000_00100000_00100000_00100000_00100000_00100000_00100000_00100000_'
Info: line -1 - symbol[004C] <= '00100000_00100000_00100000_00100000_00100000_00100000_00100000_00100000_00100000_00100000_00100000_00100000_00100000_00100000_00100000_00100000_00100000_00100000_00100000_00100000_00100000_00100000_00100000_00100000_00100000_00100000_00100000_00100000_00100000_00100000_00100000_00100000_'
Info: line -1 - symbol[004D] <= '00100000_00100000_00100000_00100000_00100000_00100000_00100000_00100000_00100000_00100000_00100000_00100000_00100000_00100000_00100000_00100000_00100000_00100000_00100000_00100000_00100000_00100000_00100000_00100000_00100000_00100000_00100000_00100000_00100000_00100000_00100000_00100000_'
Info: line -1 - symbol[004E] <= '00100000_00100000_00100000_00100000_00100000_00100000_00100000_00100000_00100000_00100000_00100000_00100000_00100000_00100000_00100000_00100000_00100000_00100000_00100000_00100000_00100000_00100000_00100000_00100000_00100000_00100000_00100000_00100000_00100000_00100000_00100000_00100000_'
Info: line -1 - symbol[004F] <= '00100000_00100000_00100000_00100000_00100000_00100000_00100000_00100000_00100000_00100000_00100000_00100000_00100000_00100000_00100000_00100000_00100000_00100000_00100000_00100000_00100000_00100000_00100000_00100000_00100000_00100000_00100000_00100000_00100000_00100000_00100000_00100000_'
Info: line -1 - symbol[0050] <= '00100000_00100000_00100000_00100000_00100000_00100000_00100000_00100000_00100000_00100000_00100000_00100000_00100000_00100000_00100000_00100000_00100000_00100000_00100000_00100000_00100000_00100000_00100000_00100000_00100000_00100000_00100000_00100000_00100000_00100000_00100000_00100000_'
Info: line -1 - symbol[0051] <= '00100000_00100000_00100000_00100000_00100000_00100000_00100000_00100000_00100000_00100000_00100000_00100000_00100000_00100000_00100000_00100000_00100000_00100000_00100000_00100000_00100000_00100000_00100000_00100000_00100000_00100000_00100000_00100000_00100000_00100000_00100000_00100000_'
Info: line -1 - symbol[0052] <= '00100000_00100000_00100000_00100000_00100000_00100000_00100000_00100000_00100000_00100000_00100000_00100000_00100000_00100000_00100000_00100000_00100000_00100000_00100000_00100000_00100000_00100000_00100000_00100000_00100000_00100000_00100000_00100000_00100000_00100000_00100000_00100000_'
Info: line -1 - symbol[0053] <= '00100000_00100000_00100000_00100000_00100000_00100000_00100000_00100000_00100000_00100000_00100000_00100000_00100000_00100000_00100000_00100000_00100000_00100000_00100000_00100000_00100000_00100000_00100000_00100000_00100000_00100000_00100000_00100000_00100000_00100000_00100000_00100000_'
Info: line -1 - symbol[0054] <= '00100000_00100000_00100000_00100000_00100000_00100000_00100000_00100000_00100000_00100000_00100000_00100000_00100000_00100000_00100000_00100000_00100000_00100000_00100000_00100000_00100000_00100000_00100000_00100000_00100000_00100000_00100000_00100000_00100000_00100000_00100000_00100000_'
Info: line -1 - symbol[0055] <= '00100000_00100000_00100000_00100000_00100000_00100000_00100000_00100000_00100000_00100000_00100000_00100000_00100000_00100000_00100000_00100000_00100000_00100000_00100000_00100000_00100000_00100000_00100000_00100000_00100000_00100000_00100000_00100000_00100000_00100000_00100000_00100000_'
Info: line -1 - symbol[0056] <= '00100000_00100000_00100000_00100000_00100000_00100000_00100000_00100000_00100000_00100000_00100000_00100000_00100000_00100000_00100000_00100000_00100000_00100000_00100000_00100000_00100000_00100000_00100000_00100000_00100000_00100000_00100000_00100000_00100000_00100000_00100000_00100000_'
Info: line -1 - symbol[0057] <= '00100000_00100000_00100000_00100000_00100000_00100000_00100000_00100000_00100000_00100000_00100000_00100000_00100000_00100000_00100000_00100000_00100000_00100000_00100000_00100000_00100000_00100000_00100000_00100000_00100000_00100000_00100000_00100000_00100000_00100000_00100000_00100000_'
Info: line -1 - symbol[0058] <= '00100000_00100000_00100000_00100000_00100000_00100000_00100000_00100000_00100000_00100000_00100000_00100000_00100000_00100000_00100000_00100000_00100000_00100000_00100000_00100000_00100000_00100000_00100000_00100000_00100000_00100000_00100000_00100000_00100000_00100000_00100000_00100000_'
Info: line -1 - symbol[0059] <= '00100000_00100000_00100000_00100000_00100000_00100000_00100000_00100000_00100000_00100000_00100000_00100000_00100000_00100000_00100000_00100000_00100000_00100000_00100000_00100000_00100000_00100000_00100000_00100000_00100000_00100000_00100000_00100000_00100000_00100000_00100000_00100000_'
Info: line -1 - symbol[005A] <= '00100000_00100000_00100000_00100000_00100000_00100000_00100000_00100000_00100000_00100000_00100000_00100000_00100000_00100000_00100000_00100000_00100000_00100000_00100000_00100000_00100000_00100000_00100000_00100000_00100000_00100000_00100000_00100000_00100000_00100000_00100000_00100000_'
Info: line -1 - symbol[005B] <= '00100000_00100000_00100000_00100000_00100000_00100000_00100000_00100000_00100000_00100000_00100000_00100000_00100000_00100000_00100000_00100000_00100000_00100000_00100000_00100000_00100000_00100000_00100000_00100000_00100000_00100000_00100000_00100000_00100000_00100000_00100000_00100000_'
Info: line -1 - symbol[005C] <= '00100000_00100000_00100000_00100000_00100000_00100000_00100000_00100000_00100000_00100000_00100000_00100000_00100000_00100000_00100000_00100000_00100000_00100000_00100000_00100000_00100000_00100000_00100000_00100000_00100000_00100000_00100000_00100000_00100000_00100000_00100000_00100000_'
Info: line -1 - symbol[005D] <= '00100000_00100000_00100000_00100000_00100000_00100000_00100000_00100000_00100000_00100000_00100000_00100000_00100000_00100000_00100000_00100000_00100000_00100000_00100000_00100000_00100000_00100000_00100000_00100000_00100000_00100000_00100000_00100000_00100000_00100000_00100000_00100000_'
Info: line -1 - symbol[005E] <= '00100000_00100000_00100000_00100000_00100000_00100000_00100000_00100000_00100000_00100000_00100000_00100000_00100000_00100000_00100000_00100000_00100000_00100000_00100000_00100000_00100000_00100000_00100000_00100000_00100000_00100000_00100000_00100000_00100000_00100000_00100000_00100000_'
Info: line -1 - symbol[005F] <= '00100000_00100000_00100000_00100000_00100000_00100000_00100000_00100000_00100000_00100000_00100000_00100000_00100000_00100000_00100000_00100000_00100000_00100000_00100000_00100000_00100000_00100000_00100000_00100000_00100000_00100000_00100000_00100000_00100000_00100000_00100000_00100000_'
Info: line -1 - symbol[0060] <= '00100000_00100000_00100000_00100000_00100000_00100000_00100000_00100000_00100000_00100000_00100000_00100000_00100000_00100000_00100000_00100000_00100000_00100000_00100000_00100000_00100000_00100000_00100000_00100000_00100000_00100000_00100000_00100000_00100000_00100000_00100000_00100000_'
Info: line -1 - symbol[0061] <= '00100000_00100000_00100000_00100000_00100000_00100000_00100000_00100000_00100000_00100000_00100000_00100000_00100000_00100000_00100000_00100000_00100000_00100000_00100000_00100000_00100000_00100000_00100000_00100000_00100000_00100000_00100000_00100000_00100000_00100000_00100000_00100000_'
Info: line -1 - symbol[0062] <= '00100000_00100000_00100000_00100000_00100000_00100000_00100000_00100000_00100000_00100000_00100000_00100000_00100000_00100000_00100000_00100000_00100000_00100000_00100000_00100000_00100000_00100000_00100000_00100000_00100000_00100000_00100000_00100000_00100000_00100000_00100000_00100000_'
Info: line -1 - symbol[0063] <= '00100000_00100000_00100000_00100000_00100000_00100000_00100000_00100000_00100000_00100000_00100000_00100000_00100000_00100000_00100000_00100000_00100000_00100000_00100000_00100000_00100000_00100000_00100000_00100000_00100000_00100000_00100000_00100000_00100000_00100000_00100000_00100000_'
Info: line -1 - symbol[0064] <= '00100000_00100000_00100000_00100000_00100000_00100000_00100000_00100000_00100000_00100000_00100000_00100000_00100000_00100000_00100000_00100000_00100000_00100000_00100000_00100000_00100000_00100000_00100000_00100000_00100000_00100000_00100000_00100000_00100000_00100000_00100000_00100000_'
Info: line -1 - symbol[0065] <= '00100000_00100000_00100000_00100000_00100000_00100000_00100000_00100000_00100000_00100000_00100000_00100000_00100000_00100000_00100000_00100000_00100000_00100000_00100000_00100000_00100000_00100000_00100000_00100000_00100000_00100000_00100000_00100000_00100000_00100000_00100000_00100000_'
Info: line -1 - symbol[0066] <= '00100000_00100000_00100000_00100000_00100000_00100000_00100000_00100000_00100000_00100000_00100000_00100000_00100000_00100000_00100000_00100000_00100000_00100000_00100000_00100000_00100000_00100000_00100000_00100000_00100000_00100000_00100000_00100000_00100000_00100000_00100000_00100000_'
Info: line -1 - symbol[0067] <= '00100000_00100000_00100000_00100000_00100000_00100000_00100000_00100000_00100000_00100000_00100000_00100000_00100000_00100000_00100000_00100000_00100000_00100000_00100000_00100000_00100000_00100000_00100000_00100000_00100000_00100000_00100000_00100000_00100000_00100000_00100000_00100000_'
Info: line -1 - symbol[0068] <= '00100000_00100000_00100000_00100000_00100000_00100000_00100000_00100000_00100000_00100000_00100000_00100000_00100000_00100000_00100000_00100000_00100000_00100000_00100000_00100000_00100000_00100000_00100000_00100000_00100000_00100000_00100000_00100000_00100000_00100000_00100000_00100000_'
Info: line -1 - symbol[0069] <= '00100000_00100000_00100000_00100000_00100000_00100000_00100000_00100000_00100000_00100000_00100000_00100000_00100000_00100000_00100000_00100000_00100000_00100000_00100000_00100000_00100000_00100000_00100000_00100000_00100000_00100000_00100000_00100000_00100000_00100000_00100000_00100000_'
Info: line -1 - symbol[006A] <= '00100000_00100000_00100000_00100000_00100000_00100000_00100000_00100000_00100000_00100000_00100000_00100000_00100000_00100000_00100000_00100000_00100000_00100000_00100000_00100000_00100000_00100000_00100000_00100000_00100000_00100000_00100000_00100000_00100000_00100000_00100000_00100000_'
Info: line -1 - symbol[006B] <= '00100000_00100000_00100000_00100000_00100000_00100000_00100000_00100000_00100000_00100000_00100000_00100000_00100000_00100000_00100000_00100000_00100000_00100000_00100000_00100000_00100000_00100000_00100000_00100000_00100000_00100000_00100000_00100000_00100000_00100000_00100000_00100000_'
Info: line -1 - symbol[006C] <= '00100000_00100000_00100000_00100000_00100000_00100000_00100000_00100000_00100000_00100000_00100000_00100000_00100000_00100000_00100000_00100000_00100000_00100000_00100000_00100000_00100000_00100000_00100000_00100000_00100000_00100000_00100000_00100000_00100000_00100000_00100000_00100000_'
Info: line -1 - symbol[006D] <= '00100000_00100000_00100000_00100000_00100000_00100000_00100000_00100000_00100000_00100000_00100000_00100000_00100000_00100000_00100000_00100000_00100000_00100000_00100000_00100000_00100000_00100000_00100000_00100000_00100000_00100000_00100000_00100000_00100000_00100000_00100000_00100000_'
Info: line -1 - symbol[006E] <= '00100000_00100000_00100000_00100000_00100000_00100000_00100000_00100000_00100000_00100000_00100000_00100000_00100000_00100000_00100000_00100000_00100000_00100000_00100000_00100000_00100000_00100000_00100000_00100000_00100000_00100000_00100000_00100000_00100000_00100000_00100000_00100000_'
Info: line -1 - symbol[006F] <= '00100000_00100000_00100000_00100000_00100000_00100000_00100000_00100000_00100000_00100000_00100000_00100000_00100000_00100000_00100000_00100000_00100000_00100000_00100000_00100000_00100000_00100000_00100000_00100000_00100000_00100000_00100000_00100000_00100000_00100000_00100000_00100000_'
Info: line -1 - symbol[0070] <= '00100000_00100000_00100000_00100000_00100000_00100000_00100000_00100000_00100000_00100000_00100000_00100000_00100000_00100000_00100000_00100000_00100000_00100000_00100000_00100000_00100000_00100000_00100000_00100000_00100000_00100000_00100000_00100000_00100000_00100000_00100000_00100000_'
Info: line -1 - symbol[0071] <= '00100000_00100000_00100000_00100000_00100000_00100000_00100000_00100000_00100000_00100000_00100000_00100000_00100000_00100000_00100000_00100000_00100000_00100000_00100000_00100000_00100000_00100000_00100000_00100000_00100000_00100000_00100000_00100000_00100000_00100000_00100000_00100000_'
Info: line -1 - symbol[0072] <= '00100000_00100000_00100000_00100000_00100000_00100000_00100000_00100000_00100000_00100000_00100000_00100000_00100000_00100000_00100000_00100000_00100000_00100000_00100000_00100000_00100000_00100000_00100000_00100000_00100000_00100000_00100000_00100000_00100000_00100000_00100000_00100000_'
Info: line -1 - symbol[0073] <= '00100000_00100000_00100000_00100000_00100000_00100000_00100000_00100000_00100000_00100000_00100000_00100000_00100000_00100000_00100000_00100000_00100000_00100000_00100000_00100000_00100000_00100000_00100000_00100000_00100000_00100000_00100000_00100000_00100000_00100000_00100000_00100000_'
Info: line -1 - symbol[0074] <= '00100000_00100000_00100000_00100000_00100000_00100000_00100000_00100000_00100000_00100000_00100000_00100000_00100000_00100000_00100000_00100000_00100000_00100000_00100000_00100000_00100000_00100000_00100000_00100000_00100000_00100000_00100000_00100000_00100000_00100000_00100000_00100000_'
Info: line -1 - symbol[0075] <= '00100000_00100000_00100000_00100000_00100000_00100000_00100000_00100000_00100000_00100000_00100000_00100000_00100000_00100000_00100000_00100000_00100000_00100000_00100000_00100000_00100000_00100000_00100000_00100000_00100000_00100000_00100000_00100000_00100000_00100000_00100000_00100000_'
Info: line -1 - symbol[0076] <= '00100000_00100000_00100000_00100000_00100000_00100000_00100000_00100000_00100000_00100000_00100000_00100000_00100000_00100000_00100000_00100000_00100000_00100000_00100000_00100000_00100000_00100000_00100000_00100000_00100000_00100000_00100000_00100000_00100000_00100000_00100000_00100000_'
Info: line -1 - symbol[0077] <= '00100000_00100000_00100000_00100000_00100000_00100000_00100000_00100000_00100000_00100000_00100000_00100000_00100000_00100000_00100000_00100000_00100000_00100000_00100000_00100000_00100000_00100000_00100000_00100000_00100000_00100000_00100000_00100000_00100000_00100000_00100000_00100000_'
Info: line -1 - symbol[0078] <= '00100000_00100000_00100000_00100000_00100000_00100000_00100000_00100000_00100000_00100000_00100000_00100000_00100000_00100000_00100000_00100000_00100000_00100000_00100000_00100000_00100000_00100000_00100000_00100000_00100000_00100000_00100000_00100000_00100000_00100000_00100000_00100000_'
Info: line -1 - symbol[0079] <= '00100000_00100000_00100000_00100000_00100000_00100000_00100000_00100000_00100000_00100000_00100000_00100000_00100000_00100000_00100000_00100000_00100000_00100000_00100000_00100000_00100000_00100000_00100000_00100000_00100000_00100000_00100000_00100000_00100000_00100000_00100000_00100000_'
Info: line -1 - symbol[007A] <= '00100000_00100000_00100000_00100000_00100000_00100000_00100000_00100000_00100000_00100000_00100000_00100000_00100000_00100000_00100000_00100000_00100000_00100000_00100000_00100000_00100000_00100000_00100000_00100000_00100000_00100000_00100000_00100000_00100000_00100000_00100000_00100000_'
Info: line -1 - symbol[007B] <= '00100000_00100000_00100000_00100000_00100000_00100000_00100000_00100000_00100000_00100000_00100000_00100000_00100000_00100000_00100000_00100000_00100000_00100000_00100000_00100000_00100000_00100000_00100000_00100000_00100000_00100000_00100000_00100000_00100000_00100000_00100000_00100000_'
Info: line -1 - symbol[007C] <= '00100000_00100000_00100000_00100000_00100000_00100000_00100000_00100000_00100000_00100000_00100000_00100000_00100000_00100000_00100000_00100000_00100000_00100000_00100000_00100000_00100000_00100000_00100000_00100000_00100000_00100000_00100000_00100000_00100000_00100000_00100000_00100000_'
Info: line -1 - symbol[007D] <= '00100000_00100000_00100000_00100000_00100000_00100000_00100000_00100000_00100000_00100000_00100000_00100000_00100000_00100000_00100000_00100000_00100000_00100000_00100000_00100000_00100000_00100000_00100000_00100000_00100000_00100000_00100000_00100000_00100000_00100000_00100000_00100000_'
Info: line -1 - symbol[007E] <= '00100000_00100000_00100000_00100000_00100000_00100000_00100000_00100000_00100000_00100000_00100000_00100000_00100000_00100000_00100000_00100000_00100000_00100000_00100000_00100000_00100000_00100000_00100000_00100000_00100000_00100000_00100000_00100000_00100000_00100000_00100000_00100000_'
Info: line -1 - symbol[007F] <= '00100000_00100000_00100000_00100000_00100000_00100000_00100000_00100000_00100000_00100000_00100000_00100000_00100000_00100000_00100000_00100000_00100000_00100000_00100000_00100000_00100000_00100000_00100000_00100000_00100000_00100000_00100000_00100000_00100000_00100000_00100000_00100000_'
Info: line -1 - symbol[0080] <= '00100000_00100000_00100000_00100000_00100000_00100000_00100000_00100000_00100000_00100000_00100000_00100000_00100000_00100000_00100000_00100000_00100000_00100000_00100000_00100000_00100000_00100000_00100000_00100000_00100000_00100000_00100000_00100000_00100000_00100000_00100000_00100000_'
Info: line -1 - symbol[0081] <= '00100000_00100000_00100000_00100000_00100000_00100000_00100000_00100000_00100000_00100000_00100000_00100000_00100000_00100000_00100000_00100000_00100000_00100000_00100000_00100000_00100000_00100000_00100000_00100000_00100000_00100000_00100000_00100000_00100000_00100000_00100000_00100000_'
Info: line -1 - symbol[0082] <= '00100000_00100000_00100000_00100000_00100000_00100000_00100000_00100000_00100000_00100000_00100000_00100000_00100000_00100000_00100000_00100000_00100000_00100000_00100000_00100000_00100000_00100000_00100000_00100000_00100000_00100000_00100000_00100000_00100000_00100000_00100000_00100000_'
Info: line -1 - symbol[0083] <= '00100000_00100000_00100000_00100000_00100000_00100000_00100000_00100000_00100000_00100000_00100000_00100000_00100000_00100000_00100000_00100000_00100000_00100000_00100000_00100000_00100000_00100000_00100000_00100000_00100000_00100000_00100000_00100000_00100000_00100000_00100000_00100000_'
Info: line -1 - symbol[0084] <= '00100000_00100000_00100000_00100000_00100000_00100000_00100000_00100000_00100000_00100000_00100000_00100000_00100000_00100000_00100000_00100000_00100000_00100000_00100000_00100000_00100000_00100000_00100000_00100000_00100000_00100000_00100000_00100000_00100000_00100000_00100000_00100000_'
Info: line -1 - symbol[0085] <= '00100000_00100000_00100000_00100000_00100000_00100000_00100000_00100000_00100000_00100000_00100000_00100000_00100000_00100000_00100000_00100000_00100000_00100000_00100000_00100000_00100000_00100000_00100000_00100000_00100000_00100000_00100000_00100000_00100000_00100000_00100000_00100000_'
Info: line -1 - symbol[0086] <= '00100000_00100000_00100000_00100000_00100000_00100000_00100000_00100000_00100000_00100000_00100000_00100000_00100000_00100000_00100000_00100000_00100000_00100000_00100000_00100000_00100000_00100000_00100000_00100000_00100000_00100000_00100000_00100000_00100000_00100000_00100000_00100000_'
Info: line -1 - symbol[0087] <= '00100000_00100000_00100000_00100000_00100000_00100000_00100000_00100000_00100000_00100000_00100000_00100000_00100000_00100000_00100000_00100000_00100000_00100000_00100000_00100000_00100000_00100000_00100000_00100000_00100000_00100000_00100000_00100000_00100000_00100000_00100000_00100000_'
Info: line -1 - symbol[0088] <= '00100000_00100000_00100000_00100000_00100000_00100000_00100000_00100000_00100000_00100000_00100000_00100000_00100000_00100000_00100000_00100000_00100000_00100000_00100000_00100000_00100000_00100000_00100000_00100000_00100000_00100000_00100000_00100000_00100000_00100000_00100000_00100000_'
Info: line -1 - symbol[0089] <= '00100000_00100000_00100000_00100000_00100000_00100000_00100000_00100000_00100000_00100000_00100000_00100000_00100000_00100000_00100000_00100000_00100000_00100000_00100000_00100000_00100000_00100000_00100000_00100000_00100000_00100000_00100000_00100000_00100000_00100000_00100000_00100000_'
Info: line -1 - symbol[008A] <= '00100000_00100000_00100000_00100000_00100000_00100000_00100000_00100000_00100000_00100000_00100000_00100000_00100000_00100000_00100000_00100000_00100000_00100000_00100000_00100000_00100000_00100000_00100000_00100000_00100000_00100000_00100000_00100000_00100000_00100000_00100000_00100000_'
Info: line -1 - symbol[008B] <= '00100000_00100000_00100000_00100000_00100000_00100000_00100000_00100000_00100000_00100000_00100000_00100000_00100000_00100000_00100000_00100000_00100000_00100000_00100000_00100000_00100000_00100000_00100000_00100000_00100000_00100000_00100000_00100000_00100000_00100000_00100000_00100000_'
Info: line -1 - symbol[008C] <= '00100000_00100000_00100000_00100000_00100000_00100000_00100000_00100000_00100000_00100000_00100000_00100000_00100000_00100000_00100000_00100000_00100000_00100000_00100000_00100000_00100000_00100000_00100000_00100000_00100000_00100000_00100000_00100000_00100000_00100000_00100000_00100000_'
Info: line -1 - symbol[008D] <= '00100000_00100000_00100000_00100000_00100000_00100000_00100000_00100000_00100000_00100000_00100000_00100000_00100000_00100000_00100000_00100000_00100000_00100000_00100000_00100000_00100000_00100000_00100000_00100000_00100000_00100000_00100000_00100000_00100000_00100000_00100000_00100000_'
Info: line -1 - symbol[008E] <= '00100000_00100000_00100000_00100000_00100000_00100000_00100000_00100000_00100000_00100000_00100000_00100000_00100000_00100000_00100000_00100000_00100000_00100000_00100000_00100000_00100000_00100000_00100000_00100000_00100000_00100000_00100000_00100000_00100000_00100000_00100000_00100000_'
Info: line -1 - symbol[008F] <= '00100000_00100000_00100000_00100000_00100000_00100000_00100000_00100000_00100000_00100000_00100000_00100000_00100000_00100000_00100000_00100000_00100000_00100000_00100000_00100000_00100000_00100000_00100000_00100000_00100000_00100000_00100000_00100000_00100000_00100000_00100000_00100000_'
Info: line -1 - symbol[0090] <= '00100000_00100000_00100000_00100000_00100000_00100000_00100000_00100000_00100000_00100000_00100000_00100000_00100000_00100000_00100000_00100000_00100000_00100000_00100000_00100000_00100000_00100000_00100000_00100000_00100000_00100000_00100000_00100000_00100000_00100000_00100000_00100000_'
Info: line -1 - symbol[0091] <= '00100000_00100000_00100000_00100000_00100000_00100000_00100000_00100000_00100000_00100000_00100000_00100000_00100000_00100000_00100000_00100000_00100000_00100000_00100000_00100000_00100000_00100000_00100000_00100000_00100000_00100000_00100000_00100000_00100000_00100000_00100000_00100000_'
Info: line -1 - symbol[0092] <= '00100000_00100000_00100000_00100000_00100000_00100000_00100000_00100000_00100000_00100000_00100000_00100000_00100000_00100000_00100000_00100000_00100000_00100000_00100000_00100000_00100000_00100000_00100000_00100000_00100000_00100000_00100000_00100000_00100000_00100000_00100000_00100000_'
Info: line -1 - symbol[0093] <= '00100000_00100000_00100000_00100000_00100000_00100000_00100000_00100000_00100000_00100000_00100000_00100000_00100000_00100000_00100000_00100000_00100000_00100000_00100000_00100000_00100000_00100000_00100000_00100000_00100000_00100000_00100000_00100000_00100000_00100000_00100000_00100000_'
Info: line -1 - symbol[0094] <= '00100000_00100000_00100000_00100000_00100000_00100000_00100000_00100000_00100000_00100000_00100000_00100000_00100000_00100000_00100000_00100000_00100000_00100000_00100000_00100000_00100000_00100000_00100000_00100000_00100000_00100000_00100000_00100000_00100000_00100000_00100000_00100000_'
Info: line -1 - symbol[0095] <= '00100000_00100000_00100000_00100000_00100000_00100000_00100000_00100000_00100000_00100000_00100000_00100000_00100000_00100000_00100000_00100000_00100000_00100000_00100000_00100000_00100000_00100000_00100000_00100000_00100000_00100000_00100000_00100000_00100000_00100000_00100000_00100000_'
Info: line -1 - symbol[0096] <= '00100000_00100000_00100000_00100000_00100000_00100000_00100000_00100000_00100000_00100000_00100000_00100000_00100000_00100000_00100000_00100000_00100000_00100000_00100000_00100000_00100000_00100000_00100000_00100000_00100000_00100000_00100000_00100000_00100000_00100000_00100000_00100000_'
Info: line -1 - symbol[0097] <= '00100000_00100000_00100000_00100000_00100000_00100000_00100000_00100000_00100000_00100000_00100000_00100000_00100000_00100000_00100000_00100000_00100000_00100000_00100000_00100000_00100000_00100000_00100000_00100000_00100000_00100000_00100000_00100000_00100000_00100000_00100000_00100000_'
Info: line -1 - symbol[0098] <= '00100000_00100000_00100000_00100000_00100000_00100000_00100000_00100000_00100000_00100000_00100000_00100000_00100000_00100000_00100000_00100000_00100000_00100000_00100000_00100000_00100000_00100000_00100000_00100000_00100000_00100000_00100000_00100000_00100000_00100000_00100000_00100000_'
Info: line -1 - symbol[0099] <= '00100000_00100000_00100000_00100000_00100000_00100000_00100000_00100000_00100000_00100000_00100000_00100000_00100000_00100000_00100000_00100000_00100000_00100000_00100000_00100000_00100000_00100000_00100000_00100000_00100000_00100000_00100000_00100000_00100000_00100000_00100000_00100000_'
Info: line -1 - symbol[009A] <= '00100000_00100000_00100000_00100000_00100000_00100000_00100000_00100000_00100000_00100000_00100000_00100000_00100000_00100000_00100000_00100000_00100000_00100000_00100000_00100000_00100000_00100000_00100000_00100000_00100000_00100000_00100000_00100000_00100000_00100000_00100000_00100000_'
Info: line -1 - symbol[009B] <= '00100000_00100000_00100000_00100000_00100000_00100000_00100000_00100000_00100000_00100000_00100000_00100000_00100000_00100000_00100000_00100000_00100000_00100000_00100000_00100000_00100000_00100000_00100000_00100000_00100000_00100000_00100000_00100000_00100000_00100000_00100000_00100000_'
Info: line -1 - symbol[009C] <= '00100000_00100000_00100000_00100000_00100000_00100000_00100000_00100000_00100000_00100000_00100000_00100000_00100000_00100000_00100000_00100000_00100000_00100000_00100000_00100000_00100000_00100000_00100000_00100000_00100000_00100000_00100000_00100000_00100000_00100000_00100000_00100000_'
Info: line -1 - symbol[009D] <= '00100000_00100000_00100000_00100000_00100000_00100000_00100000_00100000_00100000_00100000_00100000_00100000_00100000_00100000_00100000_00100000_00100000_00100000_00100000_00100000_00100000_00100000_00100000_00100000_00100000_00100000_00100000_00100000_00100000_00100000_00100000_00100000_'
Info: line -1 - symbol[009E] <= '00100000_00100000_00100000_00100000_00100000_00100000_00100000_00100000_00100000_00100000_00100000_00100000_00100000_00100000_00100000_00100000_00100000_00100000_00100000_00100000_00100000_00100000_00100000_00100000_00100000_00100000_00100000_00100000_00100000_00100000_00100000_00100000_'
Info: line -1 - symbol[009F] <= '00100000_00100000_00100000_00100000_00100000_00100000_00100000_00100000_00100000_00100000_00100000_00100000_00100000_00100000_00100000_00100000_00100000_00100000_00100000_00100000_00100000_00100000_00100000_00100000_00100000_00100000_00100000_00100000_00100000_00100000_00100000_00100000_'
Info: line -1 - symbol[00A0] <= '00100000_00100000_00100000_00100000_00100000_00100000_00100000_00100000_00100000_00100000_00100000_00100000_00100000_00100000_00100000_00100000_00100000_00100000_00100000_00100000_00100000_00100000_00100000_00100000_00100000_00100000_00100000_00100000_00100000_00100000_00100000_00100000_'
Info: line -1 - symbol[00A1] <= '00100000_00100000_00100000_00100000_00100000_00100000_00100000_00100000_00100000_00100000_00100000_00100000_00100000_00100000_00100000_00100000_00100000_00100000_00100000_00100000_00100000_00100000_00100000_00100000_00100000_00100000_00100000_00100000_00100000_00100000_00100000_00100000_'
Info: line -1 - symbol[00A2] <= '00100000_00100000_00100000_00100000_00100000_00100000_00100000_00100000_00100000_00100000_00100000_00100000_00100000_00100000_00100000_00100000_00100000_00100000_00100000_00100000_00100000_00100000_00100000_00100000_00100000_00100000_00100000_00100000_00100000_00100000_00100000_00100000_'
Info: line -1 - symbol[00A3] <= '00100000_00100000_00100000_00100000_00100000_00100000_00100000_00100000_00100000_00100000_00100000_00100000_00100000_00100000_00100000_00100000_00100000_00100000_00100000_00100000_00100000_00100000_00100000_00100000_00100000_00100000_00100000_00100000_00100000_00100000_00100000_00100000_'
Info: line -1 - symbol[00A4] <= '00100000_00100000_00100000_00100000_00100000_00100000_00100000_00100000_00100000_00100000_00100000_00100000_00100000_00100000_00100000_00100000_00100000_00100000_00100000_00100000_00100000_00100000_00100000_00100000_00100000_00100000_00100000_00100000_00100000_00100000_00100000_00100000_'
Info: line -1 - symbol[00A5] <= '00100000_00100000_00100000_00100000_00100000_00100000_00100000_00100000_00100000_00100000_00100000_00100000_00100000_00100000_00100000_00100000_00100000_00100000_00100000_00100000_00100000_00100000_00100000_00100000_00100000_00100000_00100000_00100000_00100000_00100000_00100000_00100000_'
Info: line -1 - symbol[00A6] <= '00100000_00100000_00100000_00100000_00100000_00100000_00100000_00100000_00100000_00100000_00100000_00100000_00100000_00100000_00100000_00100000_00100000_00100000_00100000_00100000_00100000_00100000_00100000_00100000_00100000_00100000_00100000_00100000_00100000_00100000_00100000_00100000_'
Info: line -1 - symbol[00A7] <= '00100000_00100000_00100000_00100000_00100000_00100000_00100000_00100000_00100000_00100000_00100000_00100000_00100000_00100000_00100000_00100000_00100000_00100000_00100000_00100000_00100000_00100000_00100000_00100000_00100000_00100000_00100000_00100000_00100000_00100000_00100000_00100000_'
Info: line -1 - symbol[00A8] <= '00100000_00100000_00100000_00100000_00100000_00100000_00100000_00100000_00100000_00100000_00100000_00100000_00100000_00100000_00100000_00100000_00100000_00100000_00100000_00100000_00100000_00100000_00100000_00100000_00100000_00100000_00100000_00100000_00100000_00100000_00100000_00100000_'
Info: line -1 - symbol[00A9] <= '00100000_00100000_00100000_00100000_00100000_00100000_00100000_00100000_00100000_00100000_00100000_00100000_00100000_00100000_00100000_00100000_00100000_00100000_00100000_00100000_00100000_00100000_00100000_00100000_00100000_00100000_00100000_00100000_00100000_00100000_00100000_00100000_'
Info: line -1 - symbol[00AA] <= '00100000_00100000_00100000_00100000_00100000_00100000_00100000_00100000_00100000_00100000_00100000_00100000_00100000_00100000_00100000_00100000_00100000_00100000_00100000_00100000_00100000_00100000_00100000_00100000_00100000_00100000_00100000_00100000_00100000_00100000_00100000_00100000_'
Info: line -1 - symbol[00AB] <= '00100000_00100000_00100000_00100000_00100000_00100000_00100000_00100000_00100000_00100000_00100000_00100000_00100000_00100000_00100000_00100000_00100000_00100000_00100000_00100000_00100000_00100000_00100000_00100000_00100000_00100000_00100000_00100000_00100000_00100000_00100000_00100000_'
Info: line -1 - symbol[00AC] <= '00100000_00100000_00100000_00100000_00100000_00100000_00100000_00100000_00100000_00100000_00100000_00100000_00100000_00100000_00100000_00100000_00100000_00100000_00100000_00100000_00100000_00100000_00100000_00100000_00100000_00100000_00100000_00100000_00100000_00100000_00100000_00100000_'
Info: line -1 - symbol[00AD] <= '00100000_00100000_00100000_00100000_00100000_00100000_00100000_00100000_00100000_00100000_00100000_00100000_00100000_00100000_00100000_00100000_00100000_00100000_00100000_00100000_00100000_00100000_00100000_00100000_00100000_00100000_00100000_00100000_00100000_00100000_00100000_00100000_'
Info: line -1 - symbol[00AE] <= '00100000_00100000_00100000_00100000_00100000_00100000_00100000_00100000_00100000_00100000_00100000_00100000_00100000_00100000_00100000_00100000_00100000_00100000_00100000_00100000_00100000_00100000_00100000_00100000_00100000_00100000_00100000_00100000_00100000_00100000_00100000_00100000_'
Info: line -1 - symbol[00AF] <= '00100000_00100000_00100000_00100000_00100000_00100000_00100000_00100000_00100000_00100000_00100000_00100000_00100000_00100000_00100000_00100000_00100000_00100000_00100000_00100000_00100000_00100000_00100000_00100000_00100000_00100000_00100000_00100000_00100000_00100000_00100000_00100000_'
Info: line -1 - symbol[00B0] <= '00100000_00100000_00100000_00100000_00100000_00100000_00100000_00100000_00100000_00100000_00100000_00100000_00100000_00100000_00100000_00100000_00100000_00100000_00100000_00100000_00100000_00100000_00100000_00100000_00100000_00100000_00100000_00100000_00100000_00100000_00100000_00100000_'
Info: line -1 - symbol[00B1] <= '00100000_00100000_00100000_00100000_00100000_00100000_00100000_00100000_00100000_00100000_00100000_00100000_00100000_00100000_00100000_00100000_00100000_00100000_00100000_00100000_00100000_00100000_00100000_00100000_00100000_00100000_00100000_00100000_00100000_00100000_00100000_00100000_'
Info: line -1 - symbol[00B2] <= '00100000_00100000_00100000_00100000_00100000_00100000_00100000_00100000_00100000_00100000_00100000_00100000_00100000_00100000_00100000_00100000_00100000_00100000_00100000_00100000_00100000_00100000_00100000_00100000_00100000_00100000_00100000_00100000_00100000_00100000_00100000_00100000_'
Info: line -1 - symbol[00B3] <= '00100000_00100000_00100000_00100000_00100000_00100000_00100000_00100000_00100000_00100000_00100000_00100000_00100000_00100000_00100000_00100000_00100000_00100000_00100000_00100000_00100000_00100000_00100000_00100000_00100000_00100000_00100000_00100000_00100000_00100000_00100000_00100000_'
Info: line -1 - symbol[00B4] <= '00100000_00100000_00100000_00100000_00100000_00100000_00100000_00100000_00100000_00100000_00100000_00100000_00100000_00100000_00100000_00100000_00100000_00100000_00100000_00100000_00100000_00100000_00100000_00100000_00100000_00100000_00100000_00100000_00100000_00100000_00100000_00100000_'
Info: line -1 - symbol[00B5] <= '00100000_00100000_00100000_00100000_00100000_00100000_00100000_00100000_00100000_00100000_00100000_00100000_00100000_00100000_00100000_00100000_00100000_00100000_00100000_00100000_00100000_00100000_00100000_00100000_00100000_00100000_00100000_00100000_00100000_00100000_00100000_00100000_'
Info: line -1 - symbol[00B6] <= '00100000_00100000_00100000_00100000_00100000_00100000_00100000_00100000_00100000_00100000_00100000_00100000_00100000_00100000_00100000_00100000_00100000_00100000_00100000_00100000_00100000_00100000_00100000_00100000_00100000_00100000_00100000_00100000_00100000_00100000_00100000_00100000_'
Info: line -1 - symbol[00B7] <= '00100000_00100000_00100000_00100000_00100000_00100000_00100000_00100000_00100000_00100000_00100000_00100000_00100000_00100000_00100000_00100000_00100000_00100000_00100000_00100000_00100000_00100000_00100000_00100000_00100000_00100000_00100000_00100000_00100000_00100000_00100000_00100000_'
Info: line -1 - symbol[00B8] <= '00100000_00100000_00100000_00100000_00100000_00100000_00100000_00100000_00100000_00100000_00100000_00100000_00100000_00100000_00100000_00100000_00100000_00100000_00100000_00100000_00100000_00100000_00100000_00100000_00100000_00100000_00100000_00100000_00100000_00100000_00100000_00100000_'
Info: line -1 - symbol[00B9] <= '00100000_00100000_00100000_00100000_00100000_00100000_00100000_00100000_00100000_00100000_00100000_00100000_00100000_00100000_00100000_00100000_00100000_00100000_00100000_00100000_00100000_00100000_00100000_00100000_00100000_00100000_00100000_00100000_00100000_00100000_00100000_00100000_'
Info: line -1 - symbol[00BA] <= '00100000_00100000_00100000_00100000_00100000_00100000_00100000_00100000_00100000_00100000_00100000_00100000_00100000_00100000_00100000_00100000_00100000_00100000_00100000_00100000_00100000_00100000_00100000_00100000_00100000_00100000_00100000_00100000_00100000_00100000_00100000_00100000_'
Info: line -1 - symbol[00BB] <= '00100000_00100000_00100000_00100000_00100000_00100000_00100000_00100000_00100000_00100000_00100000_00100000_00100000_00100000_00100000_00100000_00100000_00100000_00100000_00100000_00100000_00100000_00100000_00100000_00100000_00100000_00100000_00100000_00100000_00100000_00100000_00100000_'
Info: line -1 - symbol[00BC] <= '00100000_00100000_00100000_00100000_00100000_00100000_00100000_00100000_00100000_00100000_00100000_00100000_00100000_00100000_00100000_00100000_00100000_00100000_00100000_00100000_00100000_00100000_00100000_00100000_00100000_00100000_00100000_00100000_00100000_00100000_00100000_00100000_'
Info: line -1 - symbol[00BD] <= '00100000_00100000_00100000_00100000_00100000_00100000_00100000_00100000_00100000_00100000_00100000_00100000_00100000_00100000_00100000_00100000_00100000_00100000_00100000_00100000_00100000_00100000_00100000_00100000_00100000_00100000_00100000_00100000_00100000_00100000_00100000_00100000_'
Info: line -1 - symbol[00BE] <= '00100000_00100000_00100000_00100000_00100000_00100000_00100000_00100000_00100000_00100000_00100000_00100000_00100000_00100000_00100000_00100000_00100000_00100000_00100000_00100000_00100000_00100000_00100000_00100000_00100000_00100000_00100000_00100000_00100000_00100000_00100000_00100000_'
Info: line -1 - symbol[00BF] <= '00100000_00100000_00100000_00100000_00100000_00100000_00100000_00100000_00100000_00100000_00100000_00100000_00100000_00100000_00100000_00100000_00100000_00100000_00100000_00100000_00100000_00100000_00100000_00100000_00100000_00100000_00100000_00100000_00100000_00100000_00100000_00100000_'
Info: line -1 - symbol[00C0] <= '00100000_00100000_00100000_00100000_00100000_00100000_00100000_00100000_00100000_00100000_00100000_00100000_00100000_00100000_00100000_00100000_00100000_00100000_00100000_00100000_00100000_00100000_00100000_00100000_00100000_00100000_00100000_00100000_00100000_00100000_00100000_00100000_'
Info: line -1 - symbol[00C1] <= '00100000_00100000_00100000_00100000_00100000_00100000_00100000_00100000_00100000_00100000_00100000_00100000_00100000_00100000_00100000_00100000_00100000_00100000_00100000_00100000_00100000_00100000_00100000_00100000_00100000_00100000_00100000_00100000_00100000_00100000_00100000_00100000_'
Info: line -1 - symbol[00C2] <= '00100000_00100000_00100000_00100000_00100000_00100000_00100000_00100000_00100000_00100000_00100000_00100000_00100000_00100000_00100000_00100000_00100000_00100000_00100000_00100000_00100000_00100000_00100000_00100000_00100000_00100000_00100000_00100000_00100000_00100000_00100000_00100000_'
Info: line -1 - symbol[00C3] <= '00100000_00100000_00100000_00100000_00100000_00100000_00100000_00100000_00100000_00100000_00100000_00100000_00100000_00100000_00100000_00100000_00100000_00100000_00100000_00100000_00100000_00100000_00100000_00100000_00100000_00100000_00100000_00100000_00100000_00100000_00100000_00100000_'
Info: line -1 - symbol[00C4] <= '00100000_00100000_00100000_00100000_00100000_00100000_00100000_00100000_00100000_00100000_00100000_00100000_00100000_00100000_00100000_00100000_00100000_00100000_00100000_00100000_00100000_00100000_00100000_00100000_00100000_00100000_00100000_00100000_00100000_00100000_00100000_00100000_'
Info: line -1 - symbol[00C5] <= '00100000_00100000_00100000_00100000_00100000_00100000_00100000_00100000_00100000_00100000_00100000_00100000_00100000_00100000_00100000_00100000_00100000_00100000_00100000_00100000_00100000_00100000_00100000_00100000_00100000_00100000_00100000_00100000_00100000_00100000_00100000_00100000_'
Info: line -1 - symbol[00C6] <= '00100000_00100000_00100000_00100000_00100000_00100000_00100000_00100000_00100000_00100000_00100000_00100000_00100000_00100000_00100000_00100000_00100000_00100000_00100000_00100000_00100000_00100000_00100000_00100000_00100000_00100000_00100000_00100000_00100000_00100000_00100000_00100000_'
Info: line -1 - symbol[00C7] <= '00100000_00100000_00100000_00100000_00100000_00100000_00100000_00100000_00100000_00100000_00100000_00100000_00100000_00100000_00100000_00100000_00100000_00100000_00100000_00100000_00100000_00100000_00100000_00100000_00100000_00100000_00100000_00100000_00100000_00100000_00100000_00100000_'
Info: line -1 - symbol[00C8] <= '00100000_00100000_00100000_00100000_00100000_00100000_00100000_00100000_00100000_00100000_00100000_00100000_00100000_00100000_00100000_00100000_00100000_00100000_00100000_00100000_00100000_00100000_00100000_00100000_00100000_00100000_00100000_00100000_00100000_00100000_00100000_00100000_'
Info: line -1 - symbol[00C9] <= '00100000_00100000_00100000_00100000_00100000_00100000_00100000_00100000_00100000_00100000_00100000_00100000_00100000_00100000_00100000_00100000_00100000_00100000_00100000_00100000_00100000_00100000_00100000_00100000_00100000_00100000_00100000_00100000_00100000_00100000_00100000_00100000_'
Info: line -1 - symbol[00CA] <= '00100000_00100000_00100000_00100000_00100000_00100000_00100000_00100000_00100000_00100000_00100000_00100000_00100000_00100000_00100000_00100000_00100000_00100000_00100000_00100000_00100000_00100000_00100000_00100000_00100000_00100000_00100000_00100000_00100000_00100000_00100000_00100000_'
Info: line -1 - symbol[00CB] <= '00100000_00100000_00100000_00100000_00100000_00100000_00100000_00100000_00100000_00100000_00100000_00100000_00100000_00100000_00100000_00100000_00100000_00100000_00100000_00100000_00100000_00100000_00100000_00100000_00100000_00100000_00100000_00100000_00100000_00100000_00100000_00100000_'
Info: line -1 - symbol[00CC] <= '00100000_00100000_00100000_00100000_00100000_00100000_00100000_00100000_00100000_00100000_00100000_00100000_00100000_00100000_00100000_00100000_00100000_00100000_00100000_00100000_00100000_00100000_00100000_00100000_00100000_00100000_00100000_00100000_00100000_00100000_00100000_00100000_'
Info: line -1 - symbol[00CD] <= '00100000_00100000_00100000_00100000_00100000_00100000_00100000_00100000_00100000_00100000_00100000_00100000_00100000_00100000_00100000_00100000_00100000_00100000_00100000_00100000_00100000_00100000_00100000_00100000_00100000_00100000_00100000_00100000_00100000_00100000_00100000_00100000_'
Info: line -1 - symbol[00CE] <= '00100000_00100000_00100000_00100000_00100000_00100000_00100000_00100000_00100000_00100000_00100000_00100000_00100000_00100000_00100000_00100000_00100000_00100000_00100000_00100000_00100000_00100000_00100000_00100000_00100000_00100000_00100000_00100000_00100000_00100000_00100000_00100000_'
Info: line -1 - symbol[00CF] <= '00100000_00100000_00100000_00100000_00100000_00100000_00100000_00100000_00100000_00100000_00100000_00100000_00100000_00100000_00100000_00100000_00100000_00100000_00100000_00100000_00100000_00100000_00100000_00100000_00100000_00100000_00100000_00100000_00100000_00100000_00100000_00100000_'
Info: line -1 - symbol[00D0] <= '00100000_00100000_00100000_00100000_00100000_00100000_00100000_00100000_00100000_00100000_00100000_00100000_00100000_00100000_00100000_00100000_00100000_00100000_00100000_00100000_00100000_00100000_00100000_00100000_00100000_00100000_00100000_00100000_00100000_00100000_00100000_00100000_'
Info: line -1 - symbol[00D1] <= '00100000_00100000_00100000_00100000_00100000_00100000_00100000_00100000_00100000_00100000_00100000_00100000_00100000_00100000_00100000_00100000_00100000_00100000_00100000_00100000_00100000_00100000_00100000_00100000_00100000_00100000_00100000_00100000_00100000_00100000_00100000_00100000_'
Info: line -1 - symbol[00D2] <= '00100000_00100000_00100000_00100000_00100000_00100000_00100000_00100000_00100000_00100000_00100000_00100000_00100000_00100000_00100000_00100000_00100000_00100000_00100000_00100000_00100000_00100000_00100000_00100000_00100000_00100000_00100000_00100000_00100000_00100000_00100000_00100000_'
Info: line -1 - symbol[00D3] <= '00100000_00100000_00100000_00100000_00100000_00100000_00100000_00100000_00100000_00100000_00100000_00100000_00100000_00100000_00100000_00100000_00100000_00100000_00100000_00100000_00100000_00100000_00100000_00100000_00100000_00100000_00100000_00100000_00100000_00100000_00100000_00100000_'
Info: line -1 - symbol[00D4] <= '00100000_00100000_00100000_00100000_00100000_00100000_00100000_00100000_00100000_00100000_00100000_00100000_00100000_00100000_00100000_00100000_00100000_00100000_00100000_00100000_00100000_00100000_00100000_00100000_00100000_00100000_00100000_00100000_00100000_00100000_00100000_00100000_'
Info: line -1 - symbol[00D5] <= '00100000_00100000_00100000_00100000_00100000_00100000_00100000_00100000_00100000_00100000_00100000_00100000_00100000_00100000_00100000_00100000_00100000_00100000_00100000_00100000_00100000_00100000_00100000_00100000_00100000_00100000_00100000_00100000_00100000_00100000_00100000_00100000_'
Info: line -1 - symbol[00D6] <= '00100000_00100000_00100000_00100000_00100000_00100000_00100000_00100000_00100000_00100000_00100000_00100000_00100000_00100000_00100000_00100000_00100000_00100000_00100000_00100000_00100000_00100000_00100000_00100000_00100000_00100000_00100000_00100000_00100000_00100000_00100000_00100000_'
Info: line -1 - symbol[00D7] <= '00100000_00100000_00100000_00100000_00100000_00100000_00100000_00100000_00100000_00100000_00100000_00100000_00100000_00100000_00100000_00100000_00100000_00100000_00100000_00100000_00100000_00100000_00100000_00100000_00100000_00100000_00100000_00100000_00100000_00100000_00100000_00100000_'
Info: line -1 - symbol[00D8] <= '00100000_00100000_00100000_00100000_00100000_00100000_00100000_00100000_00100000_00100000_00100000_00100000_00100000_00100000_00100000_00100000_00100000_00100000_00100000_00100000_00100000_00100000_00100000_00100000_00100000_00100000_00100000_00100000_00100000_00100000_00100000_00100000_'
Info: line -1 - symbol[00D9] <= '00100000_00100000_00100000_00100000_00100000_00100000_00100000_00100000_00100000_00100000_00100000_00100000_00100000_00100000_00100000_00100000_00100000_00100000_00100000_00100000_00100000_00100000_00100000_00100000_00100000_00100000_00100000_00100000_00100000_00100000_00100000_00100000_'
Info: line -1 - symbol[00DA] <= '00100000_00100000_00100000_00100000_00100000_00100000_00100000_00100000_00100000_00100000_00100000_00100000_00100000_00100000_00100000_00100000_00100000_00100000_00100000_00100000_00100000_00100000_00100000_00100000_00100000_00100000_00100000_00100000_00100000_00100000_00100000_00100000_'
Info: line -1 - symbol[00DB] <= '00100000_00100000_00100000_00100000_00100000_00100000_00100000_00100000_00100000_00100000_00100000_00100000_00100000_00100000_00100000_00100000_00100000_00100000_00100000_00100000_00100000_00100000_00100000_00100000_00100000_00100000_00100000_00100000_00100000_00100000_00100000_00100000_'
Info: line -1 - symbol[00DC] <= '00100000_00100000_00100000_00100000_00100000_00100000_00100000_00100000_00100000_00100000_00100000_00100000_00100000_00100000_00100000_00100000_00100000_00100000_00100000_00100000_00100000_00100000_00100000_00100000_00100000_00100000_00100000_00100000_00100000_00100000_00100000_00100000_'
Info: line -1 - symbol[00DD] <= '00100000_00100000_00100000_00100000_00100000_00100000_00100000_00100000_00100000_00100000_00100000_00100000_00100000_00100000_00100000_00100000_00100000_00100000_00100000_00100000_00100000_00100000_00100000_00100000_00100000_00100000_00100000_00100000_00100000_00100000_00100000_00100000_'
Info: line -1 - symbol[00DE] <= '00100000_00100000_00100000_00100000_00100000_00100000_00100000_00100000_00100000_00100000_00100000_00100000_00100000_00100000_00100000_00100000_00100000_00100000_00100000_00100000_00100000_00100000_00100000_00100000_00100000_00100000_00100000_00100000_00100000_00100000_00100000_00100000_'
Info: line -1 - symbol[00DF] <= '00100000_00100000_00100000_00100000_00100000_00100000_00100000_00100000_00100000_00100000_00100000_00100000_00100000_00100000_00100000_00100000_00100000_00100000_00100000_00100000_00100000_00100000_00100000_00100000_00100000_00100000_00100000_00100000_00100000_00100000_00100000_00100000_'
Info: line -1 - symbol[00E0] <= '00100000_00100000_00100000_00100000_00100000_00100000_00100000_00100000_00100000_00100000_00100000_00100000_00100000_00100000_00100000_00100000_00100000_00100000_00100000_00100000_00100000_00100000_00100000_00100000_00100000_00100000_00100000_00100000_00100000_00100000_00100000_00100000_'
Info: line -1 - symbol[00E1] <= '00100000_00100000_00100000_00100000_00100000_00100000_00100000_00100000_00100000_00100000_00100000_00100000_00100000_00100000_00100000_00100000_00100000_00100000_00100000_00100000_00100000_00100000_00100000_00100000_00100000_00100000_00100000_00100000_00100000_00100000_00100000_00100000_'
Info: line -1 - symbol[00E2] <= '00100000_00100000_00100000_00100000_00100000_00100000_00100000_00100000_00100000_00100000_00100000_00100000_00100000_00100000_00100000_00100000_00100000_00100000_00100000_00100000_00100000_00100000_00100000_00100000_00100000_00100000_00100000_00100000_00100000_00100000_00100000_00100000_'
Info: line -1 - symbol[00E3] <= '00100000_00100000_00100000_00100000_00100000_00100000_00100000_00100000_00100000_00100000_00100000_00100000_00100000_00100000_00100000_00100000_00100000_00100000_00100000_00100000_00100000_00100000_00100000_00100000_00100000_00100000_00100000_00100000_00100000_00100000_00100000_00100000_'
Info: line -1 - symbol[00E4] <= '00100000_00100000_00100000_00100000_00100000_00100000_00100000_00100000_00100000_00100000_00100000_00100000_00100000_00100000_00100000_00100000_00100000_00100000_00100000_00100000_00100000_00100000_00100000_00100000_00100000_00100000_00100000_00100000_00100000_00100000_00100000_00100000_'
Info: line -1 - symbol[00E5] <= '00100000_00100000_00100000_00100000_00100000_00100000_00100000_00100000_00100000_00100000_00100000_00100000_00100000_00100000_00100000_00100000_00100000_00100000_00100000_00100000_00100000_00100000_00100000_00100000_00100000_00100000_00100000_00100000_00100000_00100000_00100000_00100000_'
Info: line -1 - symbol[00E6] <= '00100000_00100000_00100000_00100000_00100000_00100000_00100000_00100000_00100000_00100000_00100000_00100000_00100000_00100000_00100000_00100000_00100000_00100000_00100000_00100000_00100000_00100000_00100000_00100000_00100000_00100000_00100000_00100000_00100000_00100000_00100000_00100000_'
Info: line -1 - symbol[00E7] <= '00100000_00100000_00100000_00100000_00100000_00100000_00100000_00100000_00100000_00100000_00100000_00100000_00100000_00100000_00100000_00100000_00100000_00100000_00100000_00100000_00100000_00100000_00100000_00100000_00100000_00100000_00100000_00100000_00100000_00100000_00100000_00100000_'
Info: line -1 - symbol[00E8] <= '00100000_00100000_00100000_00100000_00100000_00100000_00100000_00100000_00100000_00100000_00100000_00100000_00100000_00100000_00100000_00100000_00100000_00100000_00100000_00100000_00100000_00100000_00100000_00100000_00100000_00100000_00100000_00100000_00100000_00100000_00100000_00100000_'
Info: line -1 - symbol[00E9] <= '00100000_00100000_00100000_00100000_00100000_00100000_00100000_00100000_00100000_00100000_00100000_00100000_00100000_00100000_00100000_00100000_00100000_00100000_00100000_00100000_00100000_00100000_00100000_00100000_00100000_00100000_00100000_00100000_00100000_00100000_00100000_00100000_'
Info: line -1 - symbol[00EA] <= '00100000_00100000_00100000_00100000_00100000_00100000_00100000_00100000_00100000_00100000_00100000_00100000_00100000_00100000_00100000_00100000_00100000_00100000_00100000_00100000_00100000_00100000_00100000_00100000_00100000_00100000_00100000_00100000_00100000_00100000_00100000_00100000_'
Info: line -1 - symbol[00EB] <= '00100000_00100000_00100000_00100000_00100000_00100000_00100000_00100000_00100000_00100000_00100000_00100000_00100000_00100000_00100000_00100000_00100000_00100000_00100000_00100000_00100000_00100000_00100000_00100000_00100000_00100000_00100000_00100000_00100000_00100000_00100000_00100000_'
Info: line -1 - symbol[00EC] <= '00100000_00100000_00100000_00100000_00100000_00100000_00100000_00100000_00100000_00100000_00100000_00100000_00100000_00100000_00100000_00100000_00100000_00100000_00100000_00100000_00100000_00100000_00100000_00100000_00100000_00100000_00100000_00100000_00100000_00100000_00100000_00100000_'
Info: line -1 - symbol[00ED] <= '00100000_00100000_00100000_00100000_00100000_00100000_00100000_00100000_00100000_00100000_00100000_00100000_00100000_00100000_00100000_00100000_00100000_00100000_00100000_00100000_00100000_00100000_00100000_00100000_00100000_00100000_00100000_00100000_00100000_00100000_00100000_00100000_'
Info: line -1 - symbol[00EE] <= '00100000_00100000_00100000_00100000_00100000_00100000_00100000_00100000_00100000_00100000_00100000_00100000_00100000_00100000_00100000_00100000_00100000_00100000_00100000_00100000_00100000_00100000_00100000_00100000_00100000_00100000_00100000_00100000_00100000_00100000_00100000_00100000_'
Info: line -1 - symbol[00EF] <= '00100000_00100000_00100000_00100000_00100000_00100000_00100000_00100000_00100000_00100000_00100000_00100000_00100000_00100000_00100000_00100000_00100000_00100000_00100000_00100000_00100000_00100000_00100000_00100000_00100000_00100000_00100000_00100000_00100000_00100000_00100000_00100000_'
Info: line -1 - symbol[00F0] <= '00100000_00100000_00100000_00100000_00100000_00100000_00100000_00100000_00100000_00100000_00100000_00100000_00100000_00100000_00100000_00100000_00100000_00100000_00100000_00100000_00100000_00100000_00100000_00100000_00100000_00100000_00100000_00100000_00100000_00100000_00100000_00100000_'
Info: line -1 - symbol[00F1] <= '00100000_00100000_00100000_00100000_00100000_00100000_00100000_00100000_00100000_00100000_00100000_00100000_00100000_00100000_00100000_00100000_00100000_00100000_00100000_00100000_00100000_00100000_00100000_00100000_00100000_00100000_00100000_00100000_00100000_00100000_00100000_00100000_'
Info: line -1 - symbol[00F2] <= '00100000_00100000_00100000_00100000_00100000_00100000_00100000_00100000_00100000_00100000_00100000_00100000_00100000_00100000_00100000_00100000_00100000_00100000_00100000_00100000_00100000_00100000_00100000_00100000_00100000_00100000_00100000_00100000_00100000_00100000_00100000_00100000_'
Info: line -1 - symbol[00F3] <= '00100000_00100000_00100000_00100000_00100000_00100000_00100000_00100000_00100000_00100000_00100000_00100000_00100000_00100000_00100000_00100000_00100000_00100000_00100000_00100000_00100000_00100000_00100000_00100000_00100000_00100000_00100000_00100000_00100000_00100000_00100000_00100000_'
Info: line -1 - symbol[00F4] <= '00100000_00100000_00100000_00100000_00100000_00100000_00100000_00100000_00100000_00100000_00100000_00100000_00100000_00100000_00100000_00100000_00100000_00100000_00100000_00100000_00100000_00100000_00100000_00100000_00100000_00100000_00100000_00100000_00100000_00100000_00100000_00100000_'
Info: line -1 - symbol[00F5] <= '00100000_00100000_00100000_00100000_00100000_00100000_00100000_00100000_00100000_00100000_00100000_00100000_00100000_00100000_00100000_00100000_00100000_00100000_00100000_00100000_00100000_00100000_00100000_00100000_00100000_00100000_00100000_00100000_00100000_00100000_00100000_00100000_'
Info: line -1 - symbol[00F6] <= '00100000_00100000_00100000_00100000_00100000_00100000_00100000_00100000_00100000_00100000_00100000_00100000_00100000_00100000_00100000_00100000_00100000_00100000_00100000_00100000_00100000_00100000_00100000_00100000_00100000_00100000_00100000_00100000_00100000_00100000_00100000_00100000_'
Info: line -1 - symbol[00F7] <= '00100000_00100000_00100000_00100000_00100000_00100000_00100000_00100000_00100000_00100000_00100000_00100000_00100000_00100000_00100000_00100000_00100000_00100000_00100000_00100000_00100000_00100000_00100000_00100000_00100000_00100000_00100000_00100000_00100000_00100000_00100000_00100000_'
Info: line -1 - symbol[00F8] <= '00100000_00100000_00100000_00100000_00100000_00100000_00100000_00100000_00100000_00100000_00100000_00100000_00100000_00100000_00100000_00100000_00100000_00100000_00100000_00100000_00100000_00100000_00100000_00100000_00100000_00100000_00100000_00100000_00100000_00100000_00100000_00100000_'
Info: line -1 - symbol[00F9] <= '00100000_00100000_00100000_00100000_00100000_00100000_00100000_00100000_00100000_00100000_00100000_00100000_00100000_00100000_00100000_00100000_00100000_00100000_00100000_00100000_00100000_00100000_00100000_00100000_00100000_00100000_00100000_00100000_00100000_00100000_00100000_00100000_'
Info: line -1 - symbol[00FA] <= '00100000_00100000_00100000_00100000_00100000_00100000_00100000_00100000_00100000_00100000_00100000_00100000_00100000_00100000_00100000_00100000_00100000_00100000_00100000_00100000_00100000_00100000_00100000_00100000_00100000_00100000_00100000_00100000_00100000_00100000_00100000_00100000_'
Info: line -1 - symbol[00FB] <= '00100000_00100000_00100000_00100000_00100000_00100000_00100000_00100000_00100000_00100000_00100000_00100000_00100000_00100000_00100000_00100000_00100000_00100000_00100000_00100000_00100000_00100000_00100000_00100000_00100000_00100000_00100000_00100000_00100000_00100000_00100000_00100000_'
Info: line -1 - symbol[00FC] <= '00100000_00100000_00100000_00100000_00100000_00100000_00100000_00100000_00100000_00100000_00100000_00100000_00100000_00100000_00100000_00100000_00100000_00100000_00100000_00100000_00100000_00100000_00100000_00100000_00100000_00100000_00100000_00100000_00100000_00100000_00100000_00100000_'
Info: line -1 - symbol[00FD] <= '00100000_00100000_00100000_00100000_00100000_00100000_00100000_00100000_00100000_00100000_00100000_00100000_00100000_00100000_00100000_00100000_00100000_00100000_00100000_00100000_00100000_00100000_00100000_00100000_00100000_00100000_00100000_00100000_00100000_00100000_00100000_00100000_'
Info: line -1 - symbol[00FE] <= '00100000_00100000_00100000_00100000_00100000_00100000_00100000_00100000_00100000_00100000_00100000_00100000_00100000_00100000_00100000_00100000_00100000_00100000_00100000_00100000_00100000_00100000_00100000_00100000_00100000_00100000_00100000_00100000_00100000_00100000_00100000_00100000_'
Info: line -1 - symbol[00FF] <= '00100000_00100000_00100000_00100000_00100000_00100000_00100000_00100000_00100000_00100000_00100000_00100000_00100000_00100000_00100000_00100000_00100000_00100000_00100000_00100000_00100000_00100000_00100000_00100000_00100000_00100000_00100000_00100000_00100000_00100000_00100000_00100000_'
Info: line -1 - symbol[0100] <= '00100000_00100000_00100000_00100000_00100000_00100000_00100000_00100000_00100000_00100000_00100000_00100000_00100000_00100000_00100000_00100000_00100000_00100000_00100000_00100000_00100000_00100000_00100000_00100000_00100000_00100000_00100000_00100000_00100000_00100000_00100000_00100000_'
Info: line -1 - symbol[0101] <= '00100000_00100000_00100000_00100000_00100000_00100000_00100000_00100000_00100000_00100000_00100000_00100000_00100000_00100000_00100000_00100000_00100000_00100000_00100000_00100000_00100000_00100000_00100000_00100000_00100000_00100000_00100000_00100000_00100000_00100000_00100000_00100000_'
Info: line -1 - symbol[0102] <= '00100000_00100000_00100000_00100000_00100000_00100000_00100000_00100000_00100000_00100000_00100000_00100000_00100000_00100000_00100000_00100000_00100000_00100000_00100000_00100000_00100000_00100000_00100000_00100000_00100000_00100000_00100000_00100000_00100000_00100000_00100000_00100000_'
Info: line -1 - symbol[0103] <= '00100000_00100000_00100000_00100000_00100000_00100000_00100000_00100000_00100000_00100000_00100000_00100000_00100000_00100000_00100000_00100000_00100000_00100000_00100000_00100000_00100000_00100000_00100000_00100000_00100000_00100000_00100000_00100000_00100000_00100000_00100000_00100000_'
Info: line -1 - symbol[0104] <= '00100000_00100000_00100000_00100000_00100000_00100000_00100000_00100000_00100000_00100000_00100000_00100000_00100000_00100000_00100000_00100000_00100000_00100000_00100000_00100000_00100000_00100000_00100000_00100000_00100000_00100000_00100000_00100000_00100000_00100000_00100000_00100000_'
Info: line -1 - symbol[0105] <= '00100000_00100000_00100000_00100000_00100000_00100000_00100000_00100000_00100000_00100000_00100000_00100000_00100000_00100000_00100000_00100000_00100000_00100000_00100000_00100000_00100000_00100000_00100000_00100000_00100000_00100000_00100000_00100000_00100000_00100000_00100000_00100000_'
Info: line -1 - symbol[0106] <= '00100000_00100000_00100000_00100000_00100000_00100000_00100000_00100000_00100000_00100000_00100000_00100000_00100000_00100000_00100000_00100000_00100000_00100000_00100000_00100000_00100000_00100000_00100000_00100000_00100000_00100000_00100000_00100000_00100000_00100000_00100000_00100000_'
Info: line -1 - symbol[0107] <= '00100000_00100000_00100000_00100000_00100000_00100000_00100000_00100000_00100000_00100000_00100000_00100000_00100000_00100000_00100000_00100000_00100000_00100000_00100000_00100000_00100000_00100000_00100000_00100000_00100000_00100000_00100000_00100000_00100000_00100000_00100000_00100000_'
Info: line -1 - symbol[0108] <= '00100000_00100000_00100000_00100000_00100000_00100000_00100000_00100000_00100000_00100000_00100000_00100000_00100000_00100000_00100000_00100000_00100000_00100000_00100000_00100000_00100000_00100000_00100000_00100000_00100000_00100000_00100000_00100000_00100000_00100000_00100000_00100000_'
Info: line -1 - symbol[0109] <= '00100000_00100000_00100000_00100000_00100000_00100000_00100000_00100000_00100000_00100000_00100000_00100000_00100000_00100000_00100000_00100000_00100000_00100000_00100000_00100000_00100000_00100000_00100000_00100000_00100000_00100000_00100000_00100000_00100000_00100000_00100000_00100000_'
Info: line -1 - symbol[010A] <= '00100000_00100000_00100000_00100000_00100000_00100000_00100000_00100000_00100000_00100000_00100000_00100000_00100000_00100000_00100000_00100000_00100000_00100000_00100000_00100000_00100000_00100000_00100000_00100000_00100000_00100000_00100000_00100000_00100000_00100000_00100000_00100000_'
Info: line -1 - symbol[010B] <= '00100000_00100000_00100000_00100000_00100000_00100000_00100000_00100000_00100000_00100000_00100000_00100000_00100000_00100000_00100000_00100000_00100000_00100000_00100000_00100000_00100000_00100000_00100000_00100000_00100000_00100000_00100000_00100000_00100000_00100000_00100000_00100000_'
Info: line -1 - symbol[010C] <= '00100000_00100000_00100000_00100000_00100000_00100000_00100000_00100000_00100000_00100000_00100000_00100000_00100000_00100000_00100000_00100000_00100000_00100000_00100000_00100000_00100000_00100000_00100000_00100000_00100000_00100000_00100000_00100000_00100000_00100000_00100000_00100000_'
Info: line -1 - symbol[010D] <= '00100000_00100000_00100000_00100000_00100000_00100000_00100000_00100000_00100000_00100000_00100000_00100000_00100000_00100000_00100000_00100000_00100000_00100000_00100000_00100000_00100000_00100000_00100000_00100000_00100000_00100000_00100000_00100000_00100000_00100000_00100000_00100000_'
Info: line -1 - symbol[010E] <= '00100000_00100000_00100000_00100000_00100000_00100000_00100000_00100000_00100000_00100000_00100000_00100000_00100000_00100000_00100000_00100000_00100000_00100000_00100000_00100000_00100000_00100000_00100000_00100000_00100000_00100000_00100000_00100000_00100000_00100000_00100000_00100000_'
Info: line -1 - symbol[010F] <= '00100000_00100000_00100000_00100000_00100000_00100000_00100000_00100000_00100000_00100000_00100000_00100000_00100000_00100000_00100000_00100000_00100000_00100000_00100000_00100000_00100000_00100000_00100000_00100000_00100000_00100000_00100000_00100000_00100000_00100000_00100000_00100000_'
Info: line -1 - symbol[0110] <= '00100000_00100000_00100000_00100000_00100000_00100000_00100000_00100000_00100000_00100000_00100000_00100000_00100000_00100000_00100000_00100000_00100000_00100000_00100000_00100000_00100000_00100000_00100000_00100000_00100000_00100000_00100000_00100000_00100000_00100000_00100000_00100000_'
Info: line -1 - symbol[0111] <= '00100000_00100000_00100000_00100000_00100000_00100000_00100000_00100000_00100000_00100000_00100000_00100000_00100000_00100000_00100000_00100000_00100000_00100000_00100000_00100000_00100000_00100000_00100000_00100000_00100000_00100000_00100000_00100000_00100000_00100000_00100000_00100000_'
Info: line -1 - symbol[0112] <= '00100000_00100000_00100000_00100000_00100000_00100000_00100000_00100000_00100000_00100000_00100000_00100000_00100000_00100000_00100000_00100000_00100000_00100000_00100000_00100000_00100000_00100000_00100000_00100000_00100000_00100000_00100000_00100000_00100000_00100000_00100000_00100000_'
Info: line -1 - symbol[0113] <= '00100000_00100000_00100000_00100000_00100000_00100000_00100000_00100000_00100000_00100000_00100000_00100000_00100000_00100000_00100000_00100000_00100000_00100000_00100000_00100000_00100000_00100000_00100000_00100000_00100000_00100000_00100000_00100000_00100000_00100000_00100000_00100000_'
Info: line -1 - symbol[0114] <= '00100000_00100000_00100000_00100000_00100000_00100000_00100000_00100000_00100000_00100000_00100000_00100000_00100000_00100000_00100000_00100000_00100000_00100000_00100000_00100000_00100000_00100000_00100000_00100000_00100000_00100000_00100000_00100000_00100000_00100000_00100000_00100000_'
Info: line -1 - symbol[0115] <= '00100000_00100000_00100000_00100000_00100000_00100000_00100000_00100000_00100000_00100000_00100000_00100000_00100000_00100000_00100000_00100000_00100000_00100000_00100000_00100000_00100000_00100000_00100000_00100000_00100000_00100000_00100000_00100000_00100000_00100000_00100000_00100000_'
Info: line -1 - symbol[0116] <= '00100000_00100000_00100000_00100000_00100000_00100000_00100000_00100000_00100000_00100000_00100000_00100000_00100000_00100000_00100000_00100000_00100000_00100000_00100000_00100000_00100000_00100000_00100000_00100000_00100000_00100000_00100000_00100000_00100000_00100000_00100000_00100000_'
Info: line -1 - symbol[0117] <= '00100000_00100000_00100000_00100000_00100000_00100000_00100000_00100000_00100000_00100000_00100000_00100000_00100000_00100000_00100000_00100000_00100000_00100000_00100000_00100000_00100000_00100000_00100000_00100000_00100000_00100000_00100000_00100000_00100000_00100000_00100000_00100000_'
Info: line -1 - symbol[0118] <= '00100000_00100000_00100000_00100000_00100000_00100000_00100000_00100000_00100000_00100000_00100000_00100000_00100000_00100000_00100000_00100000_00100000_00100000_00100000_00100000_00100000_00100000_00100000_00100000_00100000_00100000_00100000_00100000_00100000_00100000_00100000_00100000_'
Info: line -1 - symbol[0119] <= '00100000_00100000_00100000_00100000_00100000_00100000_00100000_00100000_00100000_00100000_00100000_00100000_00100000_00100000_00100000_00100000_00100000_00100000_00100000_00100000_00100000_00100000_00100000_00100000_00100000_00100000_00100000_00100000_00100000_00100000_00100000_00100000_'
Info: line -1 - symbol[011A] <= '00100000_00100000_00100000_00100000_00100000_00100000_00100000_00100000_00100000_00100000_00100000_00100000_00100000_00100000_00100000_00100000_00100000_00100000_00100000_00100000_00100000_00100000_00100000_00100000_00100000_00100000_00100000_00100000_00100000_00100000_00100000_00100000_'
Info: line -1 - symbol[011B] <= '00100000_00100000_00100000_00100000_00100000_00100000_00100000_00100000_00100000_00100000_00100000_00100000_00100000_00100000_00100000_00100000_00100000_00100000_00100000_00100000_00100000_00100000_00100000_00100000_00100000_00100000_00100000_00100000_00100000_00100000_00100000_00100000_'
Info: line -1 - symbol[011C] <= '00100000_00100000_00100000_00100000_00100000_00100000_00100000_00100000_00100000_00100000_00100000_00100000_00100000_00100000_00100000_00100000_00100000_00100000_00100000_00100000_00100000_00100000_00100000_00100000_00100000_00100000_00100000_00100000_00100000_00100000_00100000_00100000_'
Info: line -1 - symbol[011D] <= '00100000_00100000_00100000_00100000_00100000_00100000_00100000_00100000_00100000_00100000_00100000_00100000_00100000_00100000_00100000_00100000_00100000_00100000_00100000_00100000_00100000_00100000_00100000_00100000_00100000_00100000_00100000_00100000_00100000_00100000_00100000_00100000_'
Info: line -1 - symbol[011E] <= '00100000_00100000_00100000_00100000_00100000_00100000_00100000_00100000_00100000_00100000_00100000_00100000_00100000_00100000_00100000_00100000_00100000_00100000_00100000_00100000_00100000_00100000_00100000_00100000_00100000_00100000_00100000_00100000_00100000_00100000_00100000_00100000_'
Info: line -1 - symbol[011F] <= '00100000_00100000_00100000_00100000_00100000_00100000_00100000_00100000_00100000_00100000_00100000_00100000_00100000_00100000_00100000_00100000_00100000_00100000_00100000_00100000_00100000_00100000_00100000_00100000_00100000_00100000_00100000_00100000_00100000_00100000_00100000_00100000_'
Info: line -1 - symbol[0120] <= '00100000_00100000_00100000_00100000_00100000_00100000_00100000_00100000_00100000_00100000_00100000_00100000_00100000_00100000_00100000_00100000_00100000_00100000_00100000_00100000_00100000_00100000_00100000_00100000_00100000_00100000_00100000_00100000_00100000_00100000_00100000_00100000_'
Info: line -1 - symbol[0121] <= '00100000_00100000_00100000_00100000_00100000_00100000_00100000_00100000_00100000_00100000_00100000_00100000_00100000_00100000_00100000_00100000_00100000_00100000_00100000_00100000_00100000_00100000_00100000_00100000_00100000_00100000_00100000_00100000_00100000_00100000_00100000_00100000_'
Info: line -1 - symbol[0122] <= '00100000_00100000_00100000_00100000_00100000_00100000_00100000_00100000_00100000_00100000_00100000_00100000_00100000_00100000_00100000_00100000_00100000_00100000_00100000_00100000_00100000_00100000_00100000_00100000_00100000_00100000_00100000_00100000_00100000_00100000_00100000_00100000_'
Info: line -1 - symbol[0123] <= '00100000_00100000_00100000_00100000_00100000_00100000_00100000_00100000_00100000_00100000_00100000_00100000_00100000_00100000_00100000_00100000_00100000_00100000_00100000_00100000_00100000_00100000_00100000_00100000_00100000_00100000_00100000_00100000_00100000_00100000_00100000_00100000_'
Info: line -1 - symbol[0124] <= '00100000_00100000_00100000_00100000_00100000_00100000_00100000_00100000_00100000_00100000_00100000_00100000_00100000_00100000_00100000_00100000_00100000_00100000_00100000_00100000_00100000_00100000_00100000_00100000_00100000_00100000_00100000_00100000_00100000_00100000_00100000_00100000_'
Info: line -1 - symbol[0125] <= '00100000_00100000_00100000_00100000_00100000_00100000_00100000_00100000_00100000_00100000_00100000_00100000_00100000_00100000_00100000_00100000_00100000_00100000_00100000_00100000_00100000_00100000_00100000_00100000_00100000_00100000_00100000_00100000_00100000_00100000_00100000_00100000_'
Info: line -1 - symbol[0126] <= '00100000_00100000_00100000_00100000_00100000_00100000_00100000_00100000_00100000_00100000_00100000_00100000_00100000_00100000_00100000_00100000_00100000_00100000_00100000_00100000_00100000_00100000_00100000_00100000_00100000_00100000_00100000_00100000_00100000_00100000_00100000_00100000_'
Info: line -1 - symbol[0127] <= '00100000_00100000_00100000_00100000_00100000_00100000_00100000_00100000_00100000_00100000_00100000_00100000_00100000_00100000_00100000_00100000_00100000_00100000_00100000_00100000_00100000_00100000_00100000_00100000_00100000_00100000_00100000_00100000_00100000_00100000_00100000_00100000_'
Info: line -1 - symbol[0128] <= '00100000_00100000_00100000_00100000_00100000_00100000_00100000_00100000_00100000_00100000_00100000_00100000_00100000_00100000_00100000_00100000_00100000_00100000_00100000_00100000_00100000_00100000_00100000_00100000_00100000_00100000_00100000_00100000_00100000_00100000_00100000_00100000_'
Info: line -1 - symbol[0129] <= '00100000_00100000_00100000_00100000_00100000_00100000_00100000_00100000_00100000_00100000_00100000_00100000_00100000_00100000_00100000_00100000_00100000_00100000_00100000_00100000_00100000_00100000_00100000_00100000_00100000_00100000_00100000_00100000_00100000_00100000_00100000_00100000_'
Info: line -1 - symbol[012A] <= '00100000_00100000_00100000_00100000_00100000_00100000_00100000_00100000_00100000_00100000_00100000_00100000_00100000_00100000_00100000_00100000_00100000_00100000_00100000_00100000_00100000_00100000_00100000_00100000_00100000_00100000_00100000_00100000_00100000_00100000_00100000_00100000_'
Info: line -1 - symbol[012B] <= '00100000_00100000_00100000_00100000_00100000_00100000_00100000_00100000_00100000_00100000_00100000_00100000_00100000_00100000_00100000_00100000_00100000_00100000_00100000_00100000_00100000_00100000_00100000_00100000_00100000_00100000_00100000_00100000_00100000_00100000_00100000_00100000_'
Info: line -1 - symbol[012C] <= '00100000_00100000_00100000_00100000_00100000_00100000_00100000_00100000_00100000_00100000_00100000_00100000_00100000_00100000_00100000_00100000_00100000_00100000_00100000_00100000_00100000_00100000_00100000_00100000_00100000_00100000_00100000_00100000_00100000_00100000_00100000_00100000_'
Info: line -1 - symbol[012D] <= '00100000_00100000_00100000_00100000_00100000_00100000_00100000_00100000_00100000_00100000_00100000_00100000_00100000_00100000_00100000_00100000_00100000_00100000_00100000_00100000_00100000_00100000_00100000_00100000_00100000_00100000_00100000_00100000_00100000_00100000_00100000_00100000_'
Info: line -1 - symbol[012E] <= '00100000_00100000_00100000_00100000_00100000_00100000_00100000_00100000_00100000_00100000_00100000_00100000_00100000_00100000_00100000_00100000_00100000_00100000_00100000_00100000_00100000_00100000_00100000_00100000_00100000_00100000_00100000_00100000_00100000_00100000_00100000_00100000_'
Info: line -1 - symbol[012F] <= '00100000_00100000_00100000_00100000_00100000_00100000_00100000_00100000_00100000_00100000_00100000_00100000_00100000_00100000_00100000_00100000_00100000_00100000_00100000_00100000_00100000_00100000_00100000_00100000_00100000_00100000_00100000_00100000_00100000_00100000_00100000_00100000_'
Info: line -1 - symbol[0130] <= '00100000_00100000_00100000_00100000_00100000_00100000_00100000_00100000_00100000_00100000_00100000_00100000_00100000_00100000_00100000_00100000_00100000_00100000_00100000_00100000_00100000_00100000_00100000_00100000_00100000_00100000_00100000_00100000_00100000_00100000_00100000_00100000_'
Info: line -1 - symbol[0131] <= '00100000_00100000_00100000_00100000_00100000_00100000_00100000_00100000_00100000_00100000_00100000_00100000_00100000_00100000_00100000_00100000_00100000_00100000_00100000_00100000_00100000_00100000_00100000_00100000_00100000_00100000_00100000_00100000_00100000_00100000_00100000_00100000_'
Info: line -1 - symbol[0132] <= '00100000_00100000_00100000_00100000_00100000_00100000_00100000_00100000_00100000_00100000_00100000_00100000_00100000_00100000_00100000_00100000_00100000_00100000_00100000_00100000_00100000_00100000_00100000_00100000_00100000_00100000_00100000_00100000_00100000_00100000_00100000_00100000_'
Info: line -1 - symbol[0133] <= '00100000_00100000_00100000_00100000_00100000_00100000_00100000_00100000_00100000_00100000_00100000_00100000_00100000_00100000_00100000_00100000_00100000_00100000_00100000_00100000_00100000_00100000_00100000_00100000_00100000_00100000_00100000_00100000_00100000_00100000_00100000_00100000_'
Info: line -1 - symbol[0134] <= '00100000_00100000_00100000_00100000_00100000_00100000_00100000_00100000_00100000_00100000_00100000_00100000_00100000_00100000_00100000_00100000_00100000_00100000_00100000_00100000_00100000_00100000_00100000_00100000_00100000_00100000_00100000_00100000_00100000_00100000_00100000_00100000_'
Info: line -1 - symbol[0135] <= '00100000_00100000_00100000_00100000_00100000_00100000_00100000_00100000_00100000_00100000_00100000_00100000_00100000_00100000_00100000_00100000_00100000_00100000_00100000_00100000_00100000_00100000_00100000_00100000_00100000_00100000_00100000_00100000_00100000_00100000_00100000_00100000_'
Info: line -1 - symbol[0136] <= '00100000_00100000_00100000_00100000_00100000_00100000_00100000_00100000_00100000_00100000_00100000_00100000_00100000_00100000_00100000_00100000_00100000_00100000_00100000_00100000_00100000_00100000_00100000_00100000_00100000_00100000_00100000_00100000_00100000_00100000_00100000_00100000_'
Info: line -1 - symbol[0137] <= '00100000_00100000_00100000_00100000_00100000_00100000_00100000_00100000_00100000_00100000_00100000_00100000_00100000_00100000_00100000_00100000_00100000_00100000_00100000_00100000_00100000_00100000_00100000_00100000_00100000_00100000_00100000_00100000_00100000_00100000_00100000_00100000_'
Info: line -1 - symbol[0138] <= '00100000_00100000_00100000_00100000_00100000_00100000_00100000_00100000_00100000_00100000_00100000_00100000_00100000_00100000_00100000_00100000_00100000_00100000_00100000_00100000_00100000_00100000_00100000_00100000_00100000_00100000_00100000_00100000_00100000_00100000_00100000_00100000_'
Info: line -1 - symbol[0139] <= '00100000_00100000_00100000_00100000_00100000_00100000_00100000_00100000_00100000_00100000_00100000_00100000_00100000_00100000_00100000_00100000_00100000_00100000_00100000_00100000_00100000_00100000_00100000_00100000_00100000_00100000_00100000_00100000_00100000_00100000_00100000_00100000_'
Info: line -1 - symbol[013A] <= '00100000_00100000_00100000_00100000_00100000_00100000_00100000_00100000_00100000_00100000_00100000_00100000_00100000_00100000_00100000_00100000_00100000_00100000_00100000_00100000_00100000_00100000_00100000_00100000_00100000_00100000_00100000_00100000_00100000_00100000_00100000_00100000_'
Info: line -1 - symbol[013B] <= '00100000_00100000_00100000_00100000_00100000_00100000_00100000_00100000_00100000_00100000_00100000_00100000_00100000_00100000_00100000_00100000_00100000_00100000_00100000_00100000_00100000_00100000_00100000_00100000_00100000_00100000_00100000_00100000_00100000_00100000_00100000_00100000_'
Info: line -1 - symbol[013C] <= '00100000_00100000_00100000_00100000_00100000_00100000_00100000_00100000_00100000_00100000_00100000_00100000_00100000_00100000_00100000_00100000_00100000_00100000_00100000_00100000_00100000_00100000_00100000_00100000_00100000_00100000_00100000_00100000_00100000_00100000_00100000_00100000_'
Info: line -1 - symbol[013D] <= '00100000_00100000_00100000_00100000_00100000_00100000_00100000_00100000_00100000_00100000_00100000_00100000_00100000_00100000_00100000_00100000_00100000_00100000_00100000_00100000_00100000_00100000_00100000_00100000_00100000_00100000_00100000_00100000_00100000_00100000_00100000_00100000_'
Info: line -1 - symbol[013E] <= '00100000_00100000_00100000_00100000_00100000_00100000_00100000_00100000_00100000_00100000_00100000_00100000_00100000_00100000_00100000_00100000_00100000_00100000_00100000_00100000_00100000_00100000_00100000_00100000_00100000_00100000_00100000_00100000_00100000_00100000_00100000_00100000_'
Info: line -1 - symbol[013F] <= '00100000_00100000_00100000_00100000_00100000_00100000_00100000_00100000_00100000_00100000_00100000_00100000_00100000_00100000_00100000_00100000_00100000_00100000_00100000_00100000_00100000_00100000_00100000_00100000_00100000_00100000_00100000_00100000_00100000_00100000_00100000_00100000_'
Info: line -1 - symbol[0140] <= '00100000_00100000_00100000_00100000_00100000_00100000_00100000_00100000_00100000_00100000_00100000_00100000_00100000_00100000_00100000_00100000_00100000_00100000_00100000_00100000_00100000_00100000_00100000_00100000_00100000_00100000_00100000_00100000_00100000_00100000_00100000_00100000_'
Info: line -1 - symbol[0141] <= '00100000_00100000_00100000_00100000_00100000_00100000_00100000_00100000_00100000_00100000_00100000_00100000_00100000_00100000_00100000_00100000_00100000_00100000_00100000_00100000_00100000_00100000_00100000_00100000_00100000_00100000_00100000_00100000_00100000_00100000_00100000_00100000_'
Info: line -1 - symbol[0142] <= '00100000_00100000_00100000_00100000_00100000_00100000_00100000_00100000_00100000_00100000_00100000_00100000_00100000_00100000_00100000_00100000_00100000_00100000_00100000_00100000_00100000_00100000_00100000_00100000_00100000_00100000_00100000_00100000_00100000_00100000_00100000_00100000_'
Info: line -1 - symbol[0143] <= '00100000_00100000_00100000_00100000_00100000_00100000_00100000_00100000_00100000_00100000_00100000_00100000_00100000_00100000_00100000_00100000_00100000_00100000_00100000_00100000_00100000_00100000_00100000_00100000_00100000_00100000_00100000_00100000_00100000_00100000_00100000_00100000_'
Info: line -1 - symbol[0144] <= '00100000_00100000_00100000_00100000_00100000_00100000_00100000_00100000_00100000_00100000_00100000_00100000_00100000_00100000_00100000_00100000_00100000_00100000_00100000_00100000_00100000_00100000_00100000_00100000_00100000_00100000_00100000_00100000_00100000_00100000_00100000_00100000_'
Info: line -1 - symbol[0145] <= '00100000_00100000_00100000_00100000_00100000_00100000_00100000_00100000_00100000_00100000_00100000_00100000_00100000_00100000_00100000_00100000_00100000_00100000_00100000_00100000_00100000_00100000_00100000_00100000_00100000_00100000_00100000_00100000_00100000_00100000_00100000_00100000_'
Info: line -1 - symbol[0146] <= '00100000_00100000_00100000_00100000_00100000_00100000_00100000_00100000_00100000_00100000_00100000_00100000_00100000_00100000_00100000_00100000_00100000_00100000_00100000_00100000_00100000_00100000_00100000_00100000_00100000_00100000_00100000_00100000_00100000_00100000_00100000_00100000_'
Info: line -1 - symbol[0147] <= '00100000_00100000_00100000_00100000_00100000_00100000_00100000_00100000_00100000_00100000_00100000_00100000_00100000_00100000_00100000_00100000_00100000_00100000_00100000_00100000_00100000_00100000_00100000_00100000_00100000_00100000_00100000_00100000_00100000_00100000_00100000_00100000_'
Info: line -1 - symbol[0148] <= '00100000_00100000_00100000_00100000_00100000_00100000_00100000_00100000_00100000_00100000_00100000_00100000_00100000_00100000_00100000_00100000_00100000_00100000_00100000_00100000_00100000_00100000_00100000_00100000_00100000_00100000_00100000_00100000_00100000_00100000_00100000_00100000_'
Info: line -1 - symbol[0149] <= '00100000_00100000_00100000_00100000_00100000_00100000_00100000_00100000_00100000_00100000_00100000_00100000_00100000_00100000_00100000_00100000_00100000_00100000_00100000_00100000_00100000_00100000_00100000_00100000_00100000_00100000_00100000_00100000_00100000_00100000_00100000_00100000_'
Info: line -1 - symbol[014A] <= '00100000_00100000_00100000_00100000_00100000_00100000_00100000_00100000_00100000_00100000_00100000_00100000_00100000_00100000_00100000_00100000_00100000_00100000_00100000_00100000_00100000_00100000_00100000_00100000_00100000_00100000_00100000_00100000_00100000_00100000_00100000_00100000_'
Info: line -1 - symbol[014B] <= '00100000_00100000_00100000_00100000_00100000_00100000_00100000_00100000_00100000_00100000_00100000_00100000_00100000_00100000_00100000_00100000_00100000_00100000_00100000_00100000_00100000_00100000_00100000_00100000_00100000_00100000_00100000_00100000_00100000_00100000_00100000_00100000_'
Info: line -1 - symbol[014C] <= '00100000_00100000_00100000_00100000_00100000_00100000_00100000_00100000_00100000_00100000_00100000_00100000_00100000_00100000_00100000_00100000_00100000_00100000_00100000_00100000_00100000_00100000_00100000_00100000_00100000_00100000_00100000_00100000_00100000_00100000_00100000_00100000_'
Info: line -1 - symbol[014D] <= '00100000_00100000_00100000_00100000_00100000_00100000_00100000_00100000_00100000_00100000_00100000_00100000_00100000_00100000_00100000_00100000_00100000_00100000_00100000_00100000_00100000_00100000_00100000_00100000_00100000_00100000_00100000_00100000_00100000_00100000_00100000_00100000_'
Info: line -1 - symbol[014E] <= '00100000_00100000_00100000_00100000_00100000_00100000_00100000_00100000_00100000_00100000_00100000_00100000_00100000_00100000_00100000_00100000_00100000_00100000_00100000_00100000_00100000_00100000_00100000_00100000_00100000_00100000_00100000_00100000_00100000_00100000_00100000_00100000_'
Info: line -1 - symbol[014F] <= '00100000_00100000_00100000_00100000_00100000_00100000_00100000_00100000_00100000_00100000_00100000_00100000_00100000_00100000_00100000_00100000_00100000_00100000_00100000_00100000_00100000_00100000_00100000_00100000_00100000_00100000_00100000_00100000_00100000_00100000_00100000_00100000_'
Info: line -1 - symbol[0150] <= '00100000_00100000_00100000_00100000_00100000_00100000_00100000_00100000_00100000_00100000_00100000_00100000_00100000_00100000_00100000_00100000_00100000_00100000_00100000_00100000_00100000_00100000_00100000_00100000_00100000_00100000_00100000_00100000_00100000_00100000_00100000_00100000_'
Info: line -1 - symbol[0151] <= '00100000_00100000_00100000_00100000_00100000_00100000_00100000_00100000_00100000_00100000_00100000_00100000_00100000_00100000_00100000_00100000_00100000_00100000_00100000_00100000_00100000_00100000_00100000_00100000_00100000_00100000_00100000_00100000_00100000_00100000_00100000_00100000_'
Info: line -1 - symbol[0152] <= '00100000_00100000_00100000_00100000_00100000_00100000_00100000_00100000_00100000_00100000_00100000_00100000_00100000_00100000_00100000_00100000_00100000_00100000_00100000_00100000_00100000_00100000_00100000_00100000_00100000_00100000_00100000_00100000_00100000_00100000_00100000_00100000_'
Info: line -1 - symbol[0153] <= '00100000_00100000_00100000_00100000_00100000_00100000_00100000_00100000_00100000_00100000_00100000_00100000_00100000_00100000_00100000_00100000_00100000_00100000_00100000_00100000_00100000_00100000_00100000_00100000_00100000_00100000_00100000_00100000_00100000_00100000_00100000_00100000_'
Info: line -1 - symbol[0154] <= '00100000_00100000_00100000_00100000_00100000_00100000_00100000_00100000_00100000_00100000_00100000_00100000_00100000_00100000_00100000_00100000_00100000_00100000_00100000_00100000_00100000_00100000_00100000_00100000_00100000_00100000_00100000_00100000_00100000_00100000_00100000_00100000_'
Info: line -1 - symbol[0155] <= '00100000_00100000_00100000_00100000_00100000_00100000_00100000_00100000_00100000_00100000_00100000_00100000_00100000_00100000_00100000_00100000_00100000_00100000_00100000_00100000_00100000_00100000_00100000_00100000_00100000_00100000_00100000_00100000_00100000_00100000_00100000_00100000_'
Info: line -1 - symbol[0156] <= '00100000_00100000_00100000_00100000_00100000_00100000_00100000_00100000_00100000_00100000_00100000_00100000_00100000_00100000_00100000_00100000_00100000_00100000_00100000_00100000_00100000_00100000_00100000_00100000_00100000_00100000_00100000_00100000_00100000_00100000_00100000_00100000_'
Info: line -1 - symbol[0157] <= '00100000_00100000_00100000_00100000_00100000_00100000_00100000_00100000_00100000_00100000_00100000_00100000_00100000_00100000_00100000_00100000_00100000_00100000_00100000_00100000_00100000_00100000_00100000_00100000_00100000_00100000_00100000_00100000_00100000_00100000_00100000_00100000_'
Info: line -1 - symbol[0158] <= '00100000_00100000_00100000_00100000_00100000_00100000_00100000_00100000_00100000_00100000_00100000_00100000_00100000_00100000_00100000_00100000_00100000_00100000_00100000_00100000_00100000_00100000_00100000_00100000_00100000_00100000_00100000_00100000_00100000_00100000_00100000_00100000_'
Info: line -1 - symbol[0159] <= '00100000_00100000_00100000_00100000_00100000_00100000_00100000_00100000_00100000_00100000_00100000_00100000_00100000_00100000_00100000_00100000_00100000_00100000_00100000_00100000_00100000_00100000_00100000_00100000_00100000_00100000_00100000_00100000_00100000_00100000_00100000_00100000_'
Info: line -1 - symbol[015A] <= '00100000_00100000_00100000_00100000_00100000_00100000_00100000_00100000_00100000_00100000_00100000_00100000_00100000_00100000_00100000_00100000_00100000_00100000_00100000_00100000_00100000_00100000_00100000_00100000_00100000_00100000_00100000_00100000_00100000_00100000_00100000_00100000_'
Info: line -1 - symbol[015B] <= '00100000_00100000_00100000_00100000_00100000_00100000_00100000_00100000_00100000_00100000_00100000_00100000_00100000_00100000_00100000_00100000_00100000_00100000_00100000_00100000_00100000_00100000_00100000_00100000_00100000_00100000_00100000_00100000_00100000_00100000_00100000_00100000_'
Info: line -1 - symbol[015C] <= '00100000_00100000_00100000_00100000_00100000_00100000_00100000_00100000_00100000_00100000_00100000_00100000_00100000_00100000_00100000_00100000_00100000_00100000_00100000_00100000_00100000_00100000_00100000_00100000_00100000_00100000_00100000_00100000_00100000_00100000_00100000_00100000_'
Info: line -1 - symbol[015D] <= '00100000_00100000_00100000_00100000_00100000_00100000_00100000_00100000_00100000_00100000_00100000_00100000_00100000_00100000_00100000_00100000_00100000_00100000_00100000_00100000_00100000_00100000_00100000_00100000_00100000_00100000_00100000_00100000_00100000_00100000_00100000_00100000_'
Info: line -1 - symbol[015E] <= '00100000_00100000_00100000_00100000_00100000_00100000_00100000_00100000_00100000_00100000_00100000_00100000_00100000_00100000_00100000_00100000_00100000_00100000_00100000_00100000_00100000_00100000_00100000_00100000_00100000_00100000_00100000_00100000_00100000_00100000_00100000_00100000_'
Info: line -1 - symbol[015F] <= '00100000_00100000_00100000_00100000_00100000_00100000_00100000_00100000_00100000_00100000_00100000_00100000_00100000_00100000_00100000_00100000_00100000_00100000_00100000_00100000_00100000_00100000_00100000_00100000_00100000_00100000_00100000_00100000_00100000_00100000_00100000_00100000_'
Info: line -1 - symbol[0160] <= '00100000_00100000_00100000_00100000_00100000_00100000_00100000_00100000_00100000_00100000_00100000_00100000_00100000_00100000_00100000_00100000_00100000_00100000_00100000_00100000_00100000_00100000_00100000_00100000_00100000_00100000_00100000_00100000_00100000_00100000_00100000_00100000_'
Info: line -1 - symbol[0161] <= '00100000_00100000_00100000_00100000_00100000_00100000_00100000_00100000_00100000_00100000_00100000_00100000_00100000_00100000_00100000_00100000_00100000_00100000_00100000_00100000_00100000_00100000_00100000_00100000_00100000_00100000_00100000_00100000_00100000_00100000_00100000_00100000_'
Info: line -1 - symbol[0162] <= '00100000_00100000_00100000_00100000_00100000_00100000_00100000_00100000_00100000_00100000_00100000_00100000_00100000_00100000_00100000_00100000_00100000_00100000_00100000_00100000_00100000_00100000_00100000_00100000_00100000_00100000_00100000_00100000_00100000_00100000_00100000_00100000_'
Info: line -1 - symbol[0163] <= '00100000_00100000_00100000_00100000_00100000_00100000_00100000_00100000_00100000_00100000_00100000_00100000_00100000_00100000_00100000_00100000_00100000_00100000_00100000_00100000_00100000_00100000_00100000_00100000_00100000_00100000_00100000_00100000_00100000_00100000_00100000_00100000_'
Info: line -1 - symbol[0164] <= '00100000_00100000_00100000_00100000_00100000_00100000_00100000_00100000_00100000_00100000_00100000_00100000_00100000_00100000_00100000_00100000_00100000_00100000_00100000_00100000_00100000_00100000_00100000_00100000_00100000_00100000_00100000_00100000_00100000_00100000_00100000_00100000_'
Info: line -1 - symbol[0165] <= '00100000_00100000_00100000_00100000_00100000_00100000_00100000_00100000_00100000_00100000_00100000_00100000_00100000_00100000_00100000_00100000_00100000_00100000_00100000_00100000_00100000_00100000_00100000_00100000_00100000_00100000_00100000_00100000_00100000_00100000_00100000_00100000_'
Info: line -1 - symbol[0166] <= '00100000_00100000_00100000_00100000_00100000_00100000_00100000_00100000_00100000_00100000_00100000_00100000_00100000_00100000_00100000_00100000_00100000_00100000_00100000_00100000_00100000_00100000_00100000_00100000_00100000_00100000_00100000_00100000_00100000_00100000_00100000_00100000_'
Info: line -1 - symbol[0167] <= '00100000_00100000_00100000_00100000_00100000_00100000_00100000_00100000_00100000_00100000_00100000_00100000_00100000_00100000_00100000_00100000_00100000_00100000_00100000_00100000_00100000_00100000_00100000_00100000_00100000_00100000_00100000_00100000_00100000_00100000_00100000_00100000_'
Info: line -1 - symbol[0168] <= '00100000_00100000_00100000_00100000_00100000_00100000_00100000_00100000_00100000_00100000_00100000_00100000_00100000_00100000_00100000_00100000_00100000_00100000_00100000_00100000_00100000_00100000_00100000_00100000_00100000_00100000_00100000_00100000_00100000_00100000_00100000_00100000_'
Info: line -1 - symbol[0169] <= '00100000_00100000_00100000_00100000_00100000_00100000_00100000_00100000_00100000_00100000_00100000_00100000_00100000_00100000_00100000_00100000_00100000_00100000_00100000_00100000_00100000_00100000_00100000_00100000_00100000_00100000_00100000_00100000_00100000_00100000_00100000_00100000_'
Info: line -1 - symbol[016A] <= '00100000_00100000_00100000_00100000_00100000_00100000_00100000_00100000_00100000_00100000_00100000_00100000_00100000_00100000_00100000_00100000_00100000_00100000_00100000_00100000_00100000_00100000_00100000_00100000_00100000_00100000_00100000_00100000_00100000_00100000_00100000_00100000_'
Info: line -1 - symbol[016B] <= '00100000_00100000_00100000_00100000_00100000_00100000_00100000_00100000_00100000_00100000_00100000_00100000_00100000_00100000_00100000_00100000_00100000_00100000_00100000_00100000_00100000_00100000_00100000_00100000_00100000_00100000_00100000_00100000_00100000_00100000_00100000_00100000_'
Info: line -1 - symbol[016C] <= '00100000_00100000_00100000_00100000_00100000_00100000_00100000_00100000_00100000_00100000_00100000_00100000_00100000_00100000_00100000_00100000_00100000_00100000_00100000_00100000_00100000_00100000_00100000_00100000_00100000_00100000_00100000_00100000_00100000_00100000_00100000_00100000_'
Info: line -1 - symbol[016D] <= '00100000_00100000_00100000_00100000_00100000_00100000_00100000_00100000_00100000_00100000_00100000_00100000_00100000_00100000_00100000_00100000_00100000_00100000_00100000_00100000_00100000_00100000_00100000_00100000_00100000_00100000_00100000_00100000_00100000_00100000_00100000_00100000_'
Info: line -1 - symbol[016E] <= '00100000_00100000_00100000_00100000_00100000_00100000_00100000_00100000_00100000_00100000_00100000_00100000_00100000_00100000_00100000_00100000_00100000_00100000_00100000_00100000_00100000_00100000_00100000_00100000_00100000_00100000_00100000_00100000_00100000_00100000_00100000_00100000_'
Info: line -1 - symbol[016F] <= '00100000_00100000_00100000_00100000_00100000_00100000_00100000_00100000_00100000_00100000_00100000_00100000_00100000_00100000_00100000_00100000_00100000_00100000_00100000_00100000_00100000_00100000_00100000_00100000_00100000_00100000_00100000_00100000_00100000_00100000_00100000_00100000_'
Info: line -1 - symbol[0170] <= '00100000_00100000_00100000_00100000_00100000_00100000_00100000_00100000_00100000_00100000_00100000_00100000_00100000_00100000_00100000_00100000_00100000_00100000_00100000_00100000_00100000_00100000_00100000_00100000_00100000_00100000_00100000_00100000_00100000_00100000_00100000_00100000_'
Info: line -1 - symbol[0171] <= '00100000_00100000_00100000_00100000_00100000_00100000_00100000_00100000_00100000_00100000_00100000_00100000_00100000_00100000_00100000_00100000_00100000_00100000_00100000_00100000_00100000_00100000_00100000_00100000_00100000_00100000_00100000_00100000_00100000_00100000_00100000_00100000_'
Info: line -1 - symbol[0172] <= '00100000_00100000_00100000_00100000_00100000_00100000_00100000_00100000_00100000_00100000_00100000_00100000_00100000_00100000_00100000_00100000_00100000_00100000_00100000_00100000_00100000_00100000_00100000_00100000_00100000_00100000_00100000_00100000_00100000_00100000_00100000_00100000_'
Info: line -1 - symbol[0173] <= '00100000_00100000_00100000_00100000_00100000_00100000_00100000_00100000_00100000_00100000_00100000_00100000_00100000_00100000_00100000_00100000_00100000_00100000_00100000_00100000_00100000_00100000_00100000_00100000_00100000_00100000_00100000_00100000_00100000_00100000_00100000_00100000_'
Info: line -1 - symbol[0174] <= '00100000_00100000_00100000_00100000_00100000_00100000_00100000_00100000_00100000_00100000_00100000_00100000_00100000_00100000_00100000_00100000_00100000_00100000_00100000_00100000_00100000_00100000_00100000_00100000_00100000_00100000_00100000_00100000_00100000_00100000_00100000_00100000_'
Info: line -1 - symbol[0175] <= '00100000_00100000_00100000_00100000_00100000_00100000_00100000_00100000_00100000_00100000_00100000_00100000_00100000_00100000_00100000_00100000_00100000_00100000_00100000_00100000_00100000_00100000_00100000_00100000_00100000_00100000_00100000_00100000_00100000_00100000_00100000_00100000_'
Info: line -1 - symbol[0176] <= '00100000_00100000_00100000_00100000_00100000_00100000_00100000_00100000_00100000_00100000_00100000_00100000_00100000_00100000_00100000_00100000_00100000_00100000_00100000_00100000_00100000_00100000_00100000_00100000_00100000_00100000_00100000_00100000_00100000_00100000_00100000_00100000_'
Info: line -1 - symbol[0177] <= '00100000_00100000_00100000_00100000_00100000_00100000_00100000_00100000_00100000_00100000_00100000_00100000_00100000_00100000_00100000_00100000_00100000_00100000_00100000_00100000_00100000_00100000_00100000_00100000_00100000_00100000_00100000_00100000_00100000_00100000_00100000_00100000_'
Info: line -1 - symbol[0178] <= '00100000_00100000_00100000_00100000_00100000_00100000_00100000_00100000_00100000_00100000_00100000_00100000_00100000_00100000_00100000_00100000_00100000_00100000_00100000_00100000_00100000_00100000_00100000_00100000_00100000_00100000_00100000_00100000_00100000_00100000_00100000_00100000_'
Info: line -1 - symbol[0179] <= '00100000_00100000_00100000_00100000_00100000_00100000_00100000_00100000_00100000_00100000_00100000_00100000_00100000_00100000_00100000_00100000_00100000_00100000_00100000_00100000_00100000_00100000_00100000_00100000_00100000_00100000_00100000_00100000_00100000_00100000_00100000_00100000_'
Info: line -1 - symbol[017A] <= '00100000_00100000_00100000_00100000_00100000_00100000_00100000_00100000_00100000_00100000_00100000_00100000_00100000_00100000_00100000_00100000_00100000_00100000_00100000_00100000_00100000_00100000_00100000_00100000_00100000_00100000_00100000_00100000_00100000_00100000_00100000_00100000_'
Info: line -1 - symbol[017B] <= '00100000_00100000_00100000_00100000_00100000_00100000_00100000_00100000_00100000_00100000_00100000_00100000_00100000_00100000_00100000_00100000_00100000_00100000_00100000_00100000_00100000_00100000_00100000_00100000_00100000_00100000_00100000_00100000_00100000_00100000_00100000_00100000_'
Info: line -1 - symbol[017C] <= '00100000_00100000_00100000_00100000_00100000_00100000_00100000_00100000_00100000_00100000_00100000_00100000_00100000_00100000_00100000_00100000_00100000_00100000_00100000_00100000_00100000_00100000_00100000_00100000_00100000_00100000_00100000_00100000_00100000_00100000_00100000_00100000_'
Info: line -1 - symbol[017D] <= '00100000_00100000_00100000_00100000_00100000_00100000_00100000_00100000_00100000_00100000_00100000_00100000_00100000_00100000_00100000_00100000_00100000_00100000_00100000_00100000_00100000_00100000_00100000_00100000_00100000_00100000_00100000_00100000_00100000_00100000_00100000_00100000_'
Info: line -1 - symbol[017E] <= '00100000_00100000_00100000_00100000_00100000_00100000_00100000_00100000_00100000_00100000_00100000_00100000_00100000_00100000_00100000_00100000_00100000_00100000_00100000_00100000_00100000_00100000_00100000_00100000_00100000_00100000_00100000_00100000_00100000_00100000_00100000_00100000_'
Info: line -1 - symbol[017F] <= '00100000_00100000_00100000_00100000_00100000_00100000_00100000_00100000_00100000_00100000_00100000_00100000_00100000_00100000_00100000_00100000_00100000_00100000_00100000_00100000_00100000_00100000_00100000_00100000_00100000_00100000_00100000_00100000_00100000_00100000_00100000_00100000_'
Info: line -1 - symbol[0180] <= '00100000_00100000_00100000_00100000_00100000_00100000_00100000_00100000_00100000_00100000_00100000_00100000_00100000_00100000_00100000_00100000_00100000_00100000_00100000_00100000_00100000_00100000_00100000_00100000_00100000_00100000_00100000_00100000_00100000_00100000_00100000_00100000_'
Info: line -1 - symbol[0181] <= '00100000_00100000_00100000_00100000_00100000_00100000_00100000_00100000_00100000_00100000_00100000_00100000_00100000_00100000_00100000_00100000_00100000_00100000_00100000_00100000_00100000_00100000_00100000_00100000_00100000_00100000_00100000_00100000_00100000_00100000_00100000_00100000_'
Info: line -1 - symbol[0182] <= '00100000_00100000_00100000_00100000_00100000_00100000_00100000_00100000_00100000_00100000_00100000_00100000_00100000_00100000_00100000_00100000_00100000_00100000_00100000_00100000_00100000_00100000_00100000_00100000_00100000_00100000_00100000_00100000_00100000_00100000_00100000_00100000_'
Info: line -1 - symbol[0183] <= '00100000_00100000_00100000_00100000_00100000_00100000_00100000_00100000_00100000_00100000_00100000_00100000_00100000_00100000_00100000_00100000_00100000_00100000_00100000_00100000_00100000_00100000_00100000_00100000_00100000_00100000_00100000_00100000_00100000_00100000_00100000_00100000_'
Info: line -1 - symbol[0184] <= '00100000_00100000_00100000_00100000_00100000_00100000_00100000_00100000_00100000_00100000_00100000_00100000_00100000_00100000_00100000_00100000_00100000_00100000_00100000_00100000_00100000_00100000_00100000_00100000_00100000_00100000_00100000_00100000_00100000_00100000_00100000_00100000_'
Info: line -1 - symbol[0185] <= '00100000_00100000_00100000_00100000_00100000_00100000_00100000_00100000_00100000_00100000_00100000_00100000_00100000_00100000_00100000_00100000_00100000_00100000_00100000_00100000_00100000_00100000_00100000_00100000_00100000_00100000_00100000_00100000_00100000_00100000_00100000_00100000_'
Info: line -1 - symbol[0186] <= '00100000_00100000_00100000_00100000_00100000_00100000_00100000_00100000_00100000_00100000_00100000_00100000_00100000_00100000_00100000_00100000_00100000_00100000_00100000_00100000_00100000_00100000_00100000_00100000_00100000_00100000_00100000_00100000_00100000_00100000_00100000_00100000_'
Info: line -1 - symbol[0187] <= '00100000_00100000_00100000_00100000_00100000_00100000_00100000_00100000_00100000_00100000_00100000_00100000_00100000_00100000_00100000_00100000_00100000_00100000_00100000_00100000_00100000_00100000_00100000_00100000_00100000_00100000_00100000_00100000_00100000_00100000_00100000_00100000_'
Info: line -1 - symbol[0188] <= '00100000_00100000_00100000_00100000_00100000_00100000_00100000_00100000_00100000_00100000_00100000_00100000_00100000_00100000_00100000_00100000_00100000_00100000_00100000_00100000_00100000_00100000_00100000_00100000_00100000_00100000_00100000_00100000_00100000_00100000_00100000_00100000_'
Info: line -1 - symbol[0189] <= '00100000_00100000_00100000_00100000_00100000_00100000_00100000_00100000_00100000_00100000_00100000_00100000_00100000_00100000_00100000_00100000_00100000_00100000_00100000_00100000_00100000_00100000_00100000_00100000_00100000_00100000_00100000_00100000_00100000_00100000_00100000_00100000_'
Info: line -1 - symbol[018A] <= '00100000_00100000_00100000_00100000_00100000_00100000_00100000_00100000_00100000_00100000_00100000_00100000_00100000_00100000_00100000_00100000_00100000_00100000_00100000_00100000_00100000_00100000_00100000_00100000_00100000_00100000_00100000_00100000_00100000_00100000_00100000_00100000_'
Info: line -1 - symbol[018B] <= '00100000_00100000_00100000_00100000_00100000_00100000_00100000_00100000_00100000_00100000_00100000_00100000_00100000_00100000_00100000_00100000_00100000_00100000_00100000_00100000_00100000_00100000_00100000_00100000_00100000_00100000_00100000_00100000_00100000_00100000_00100000_00100000_'
Info: line -1 - symbol[018C] <= '00100000_00100000_00100000_00100000_00100000_00100000_00100000_00100000_00100000_00100000_00100000_00100000_00100000_00100000_00100000_00100000_00100000_00100000_00100000_00100000_00100000_00100000_00100000_00100000_00100000_00100000_00100000_00100000_00100000_00100000_00100000_00100000_'
Info: line -1 - symbol[018D] <= '00100000_00100000_00100000_00100000_00100000_00100000_00100000_00100000_00100000_00100000_00100000_00100000_00100000_00100000_00100000_00100000_00100000_00100000_00100000_00100000_00100000_00100000_00100000_00100000_00100000_00100000_00100000_00100000_00100000_00100000_00100000_00100000_'
Info: line -1 - symbol[018E] <= '00100000_00100000_00100000_00100000_00100000_00100000_00100000_00100000_00100000_00100000_00100000_00100000_00100000_00100000_00100000_00100000_00100000_00100000_00100000_00100000_00100000_00100000_00100000_00100000_00100000_00100000_00100000_00100000_00100000_00100000_00100000_00100000_'
Info: line -1 - symbol[018F] <= '00100000_00100000_00100000_00100000_00100000_00100000_00100000_00100000_00100000_00100000_00100000_00100000_00100000_00100000_00100000_00100000_00100000_00100000_00100000_00100000_00100000_00100000_00100000_00100000_00100000_00100000_00100000_00100000_00100000_00100000_00100000_00100000_'
Info: line -1 - symbol[0190] <= '00100000_00100000_00100000_00100000_00100000_00100000_00100000_00100000_00100000_00100000_00100000_00100000_00100000_00100000_00100000_00100000_00100000_00100000_00100000_00100000_00100000_00100000_00100000_00100000_00100000_00100000_00100000_00100000_00100000_00100000_00100000_00100000_'
Info: line -1 - symbol[0191] <= '00100000_00100000_00100000_00100000_00100000_00100000_00100000_00100000_00100000_00100000_00100000_00100000_00100000_00100000_00100000_00100000_00100000_00100000_00100000_00100000_00100000_00100000_00100000_00100000_00100000_00100000_00100000_00100000_00100000_00100000_00100000_00100000_'
Info: line -1 - symbol[0192] <= '00100000_00100000_00100000_00100000_00100000_00100000_00100000_00100000_00100000_00100000_00100000_00100000_00100000_00100000_00100000_00100000_00100000_00100000_00100000_00100000_00100000_00100000_00100000_00100000_00100000_00100000_00100000_00100000_00100000_00100000_00100000_00100000_'
Info: line -1 - symbol[0193] <= '00100000_00100000_00100000_00100000_00100000_00100000_00100000_00100000_00100000_00100000_00100000_00100000_00100000_00100000_00100000_00100000_00100000_00100000_00100000_00100000_00100000_00100000_00100000_00100000_00100000_00100000_00100000_00100000_00100000_00100000_00100000_00100000_'
Info: line -1 - symbol[0194] <= '00100000_00100000_00100000_00100000_00100000_00100000_00100000_00100000_00100000_00100000_00100000_00100000_00100000_00100000_00100000_00100000_00100000_00100000_00100000_00100000_00100000_00100000_00100000_00100000_00100000_00100000_00100000_00100000_00100000_00100000_00100000_00100000_'
Info: line -1 - symbol[0195] <= '00100000_00100000_00100000_00100000_00100000_00100000_00100000_00100000_00100000_00100000_00100000_00100000_00100000_00100000_00100000_00100000_00100000_00100000_00100000_00100000_00100000_00100000_00100000_00100000_00100000_00100000_00100000_00100000_00100000_00100000_00100000_00100000_'
Info: line -1 - symbol[0196] <= '00100000_00100000_00100000_00100000_00100000_00100000_00100000_00100000_00100000_00100000_00100000_00100000_00100000_00100000_00100000_00100000_00100000_00100000_00100000_00100000_00100000_00100000_00100000_00100000_00100000_00100000_00100000_00100000_00100000_00100000_00100000_00100000_'
Info: line -1 - symbol[0197] <= '00100000_00100000_00100000_00100000_00100000_00100000_00100000_00100000_00100000_00100000_00100000_00100000_00100000_00100000_00100000_00100000_00100000_00100000_00100000_00100000_00100000_00100000_00100000_00100000_00100000_00100000_00100000_00100000_00100000_00100000_00100000_00100000_'
Info: line -1 - symbol[0198] <= '00100000_00100000_00100000_00100000_00100000_00100000_00100000_00100000_00100000_00100000_00100000_00100000_00100000_00100000_00100000_00100000_00100000_00100000_00100000_00100000_00100000_00100000_00100000_00100000_00100000_00100000_00100000_00100000_00100000_00100000_00100000_00100000_'
Info: line -1 - symbol[0199] <= '00100000_00100000_00100000_00100000_00100000_00100000_00100000_00100000_00100000_00100000_00100000_00100000_00100000_00100000_00100000_00100000_00100000_00100000_00100000_00100000_00100000_00100000_00100000_00100000_00100000_00100000_00100000_00100000_00100000_00100000_00100000_00100000_'
Info: line -1 - symbol[019A] <= '00100000_00100000_00100000_00100000_00100000_00100000_00100000_00100000_00100000_00100000_00100000_00100000_00100000_00100000_00100000_00100000_00100000_00100000_00100000_00100000_00100000_00100000_00100000_00100000_00100000_00100000_00100000_00100000_00100000_00100000_00100000_00100000_'
Info: line -1 - symbol[019B] <= '00100000_00100000_00100000_00100000_00100000_00100000_00100000_00100000_00100000_00100000_00100000_00100000_00100000_00100000_00100000_00100000_00100000_00100000_00100000_00100000_00100000_00100000_00100000_00100000_00100000_00100000_00100000_00100000_00100000_00100000_00100000_00100000_'
Info: line -1 - symbol[019C] <= '00100000_00100000_00100000_00100000_00100000_00100000_00100000_00100000_00100000_00100000_00100000_00100000_00100000_00100000_00100000_00100000_00100000_00100000_00100000_00100000_00100000_00100000_00100000_00100000_00100000_00100000_00100000_00100000_00100000_00100000_00100000_00100000_'
Info: line -1 - symbol[019D] <= '00100000_00100000_00100000_00100000_00100000_00100000_00100000_00100000_00100000_00100000_00100000_00100000_00100000_00100000_00100000_00100000_00100000_00100000_00100000_00100000_00100000_00100000_00100000_00100000_00100000_00100000_00100000_00100000_00100000_00100000_00100000_00100000_'
Info: line -1 - symbol[019E] <= '00100000_00100000_00100000_00100000_00100000_00100000_00100000_00100000_00100000_00100000_00100000_00100000_00100000_00100000_00100000_00100000_00100000_00100000_00100000_00100000_00100000_00100000_00100000_00100000_00100000_00100000_00100000_00100000_00100000_00100000_00100000_00100000_'
Info: line -1 - symbol[019F] <= '00100000_00100000_00100000_00100000_00100000_00100000_00100000_00100000_00100000_00100000_00100000_00100000_00100000_00100000_00100000_00100000_00100000_00100000_00100000_00100000_00100000_00100000_00100000_00100000_00100000_00100000_00100000_00100000_00100000_00100000_00100000_00100000_'
Info: line -1 - symbol[01A0] <= '00100000_00100000_00100000_00100000_00100000_00100000_00100000_00100000_00100000_00100000_00100000_00100000_00100000_00100000_00100000_00100000_00100000_00100000_00100000_00100000_00100000_00100000_00100000_00100000_00100000_00100000_00100000_00100000_00100000_00100000_00100000_00100000_'
Info: line -1 - symbol[01A1] <= '00100000_00100000_00100000_00100000_00100000_00100000_00100000_00100000_00100000_00100000_00100000_00100000_00100000_00100000_00100000_00100000_00100000_00100000_00100000_00100000_00100000_00100000_00100000_00100000_00100000_00100000_00100000_00100000_00100000_00100000_00100000_00100000_'
Info: line -1 - symbol[01A2] <= '00100000_00100000_00100000_00100000_00100000_00100000_00100000_00100000_00100000_00100000_00100000_00100000_00100000_00100000_00100000_00100000_00100000_00100000_00100000_00100000_00100000_00100000_00100000_00100000_00100000_00100000_00100000_00100000_00100000_00100000_00100000_00100000_'
Info: line -1 - symbol[01A3] <= '00100000_00100000_00100000_00100000_00100000_00100000_00100000_00100000_00100000_00100000_00100000_00100000_00100000_00100000_00100000_00100000_00100000_00100000_00100000_00100000_00100000_00100000_00100000_00100000_00100000_00100000_00100000_00100000_00100000_00100000_00100000_00100000_'
Info: line -1 - symbol[01A4] <= '00100000_00100000_00100000_00100000_00100000_00100000_00100000_00100000_00100000_00100000_00100000_00100000_00100000_00100000_00100000_00100000_00100000_00100000_00100000_00100000_00100000_00100000_00100000_00100000_00100000_00100000_00100000_00100000_00100000_00100000_00100000_00100000_'
Info: line -1 - symbol[01A5] <= '00100000_00100000_00100000_00100000_00100000_00100000_00100000_00100000_00100000_00100000_00100000_00100000_00100000_00100000_00100000_00100000_00100000_00100000_00100000_00100000_00100000_00100000_00100000_00100000_00100000_00100000_00100000_00100000_00100000_00100000_00100000_00100000_'
Info: line -1 - symbol[01A6] <= '00100000_00100000_00100000_00100000_00100000_00100000_00100000_00100000_00100000_00100000_00100000_00100000_00100000_00100000_00100000_00100000_00100000_00100000_00100000_00100000_00100000_00100000_00100000_00100000_00100000_00100000_00100000_00100000_00100000_00100000_00100000_00100000_'
Info: line -1 - symbol[01A7] <= '00100000_00100000_00100000_00100000_00100000_00100000_00100000_00100000_00100000_00100000_00100000_00100000_00100000_00100000_00100000_00100000_00100000_00100000_00100000_00100000_00100000_00100000_00100000_00100000_00100000_00100000_00100000_00100000_00100000_00100000_00100000_00100000_'
Info: line -1 - symbol[01A8] <= '00100000_00100000_00100000_00100000_00100000_00100000_00100000_00100000_00100000_00100000_00100000_00100000_00100000_00100000_00100000_00100000_00100000_00100000_00100000_00100000_00100000_00100000_00100000_00100000_00100000_00100000_00100000_00100000_00100000_00100000_00100000_00100000_'
Info: line -1 - symbol[01A9] <= '00100000_00100000_00100000_00100000_00100000_00100000_00100000_00100000_00100000_00100000_00100000_00100000_00100000_00100000_00100000_00100000_00100000_00100000_00100000_00100000_00100000_00100000_00100000_00100000_00100000_00100000_00100000_00100000_00100000_00100000_00100000_00100000_'
Info: line -1 - symbol[01AA] <= '00100000_00100000_00100000_00100000_00100000_00100000_00100000_00100000_00100000_00100000_00100000_00100000_00100000_00100000_00100000_00100000_00100000_00100000_00100000_00100000_00100000_00100000_00100000_00100000_00100000_00100000_00100000_00100000_00100000_00100000_00100000_00100000_'
Info: line -1 - symbol[01AB] <= '00100000_00100000_00100000_00100000_00100000_00100000_00100000_00100000_00100000_00100000_00100000_00100000_00100000_00100000_00100000_00100000_00100000_00100000_00100000_00100000_00100000_00100000_00100000_00100000_00100000_00100000_00100000_00100000_00100000_00100000_00100000_00100000_'
Info: line -1 - symbol[01AC] <= '00100000_00100000_00100000_00100000_00100000_00100000_00100000_00100000_00100000_00100000_00100000_00100000_00100000_00100000_00100000_00100000_00100000_00100000_00100000_00100000_00100000_00100000_00100000_00100000_00100000_00100000_00100000_00100000_00100000_00100000_00100000_00100000_'
Info: line -1 - symbol[01AD] <= '00100000_00100000_00100000_00100000_00100000_00100000_00100000_00100000_00100000_00100000_00100000_00100000_00100000_00100000_00100000_00100000_00100000_00100000_00100000_00100000_00100000_00100000_00100000_00100000_00100000_00100000_00100000_00100000_00100000_00100000_00100000_00100000_'
Info: line -1 - symbol[01AE] <= '00100000_00100000_00100000_00100000_00100000_00100000_00100000_00100000_00100000_00100000_00100000_00100000_00100000_00100000_00100000_00100000_00100000_00100000_00100000_00100000_00100000_00100000_00100000_00100000_00100000_00100000_00100000_00100000_00100000_00100000_00100000_00100000_'
Info: line -1 - symbol[01AF] <= '00100000_00100000_00100000_00100000_00100000_00100000_00100000_00100000_00100000_00100000_00100000_00100000_00100000_00100000_00100000_00100000_00100000_00100000_00100000_00100000_00100000_00100000_00100000_00100000_00100000_00100000_00100000_00100000_00100000_00100000_00100000_00100000_'
Info: line -1 - symbol[01B0] <= '00100000_00100000_00100000_00100000_00100000_00100000_00100000_00100000_00100000_00100000_00100000_00100000_00100000_00100000_00100000_00100000_00100000_00100000_00100000_00100000_00100000_00100000_00100000_00100000_00100000_00100000_00100000_00100000_00100000_00100000_00100000_00100000_'
Info: line -1 - symbol[01B1] <= '00100000_00100000_00100000_00100000_00100000_00100000_00100000_00100000_00100000_00100000_00100000_00100000_00100000_00100000_00100000_00100000_00100000_00100000_00100000_00100000_00100000_00100000_00100000_00100000_00100000_00100000_00100000_00100000_00100000_00100000_00100000_00100000_'
Info: line -1 - symbol[01B2] <= '00100000_00100000_00100000_00100000_00100000_00100000_00100000_00100000_00100000_00100000_00100000_00100000_00100000_00100000_00100000_00100000_00100000_00100000_00100000_00100000_00100000_00100000_00100000_00100000_00100000_00100000_00100000_00100000_00100000_00100000_00100000_00100000_'
Info: line -1 - symbol[01B3] <= '00100000_00100000_00100000_00100000_00100000_00100000_00100000_00100000_00100000_00100000_00100000_00100000_00100000_00100000_00100000_00100000_00100000_00100000_00100000_00100000_00100000_00100000_00100000_00100000_00100000_00100000_00100000_00100000_00100000_00100000_00100000_00100000_'
Info: line -1 - symbol[01B4] <= '00100000_00100000_00100000_00100000_00100000_00100000_00100000_00100000_00100000_00100000_00100000_00100000_00100000_00100000_00100000_00100000_00100000_00100000_00100000_00100000_00100000_00100000_00100000_00100000_00100000_00100000_00100000_00100000_00100000_00100000_00100000_00100000_'
Info: line -1 - symbol[01B5] <= '00100000_00100000_00100000_00100000_00100000_00100000_00100000_00100000_00100000_00100000_00100000_00100000_00100000_00100000_00100000_00100000_00100000_00100000_00100000_00100000_00100000_00100000_00100000_00100000_00100000_00100000_00100000_00100000_00100000_00100000_00100000_00100000_'
Info: line -1 - symbol[01B6] <= '00100000_00100000_00100000_00100000_00100000_00100000_00100000_00100000_00100000_00100000_00100000_00100000_00100000_00100000_00100000_00100000_00100000_00100000_00100000_00100000_00100000_00100000_00100000_00100000_00100000_00100000_00100000_00100000_00100000_00100000_00100000_00100000_'
Info: line -1 - symbol[01B7] <= '00100000_00100000_00100000_00100000_00100000_00100000_00100000_00100000_00100000_00100000_00100000_00100000_00100000_00100000_00100000_00100000_00100000_00100000_00100000_00100000_00100000_00100000_00100000_00100000_00100000_00100000_00100000_00100000_00100000_00100000_00100000_00100000_'
Info: line -1 - symbol[01B8] <= '00100000_00100000_00100000_00100000_00100000_00100000_00100000_00100000_00100000_00100000_00100000_00100000_00100000_00100000_00100000_00100000_00100000_00100000_00100000_00100000_00100000_00100000_00100000_00100000_00100000_00100000_00100000_00100000_00100000_00100000_00100000_00100000_'
Info: line -1 - symbol[01B9] <= '00100000_00100000_00100000_00100000_00100000_00100000_00100000_00100000_00100000_00100000_00100000_00100000_00100000_00100000_00100000_00100000_00100000_00100000_00100000_00100000_00100000_00100000_00100000_00100000_00100000_00100000_00100000_00100000_00100000_00100000_00100000_00100000_'
Info: line -1 - symbol[01BA] <= '00100000_00100000_00100000_00100000_00100000_00100000_00100000_00100000_00100000_00100000_00100000_00100000_00100000_00100000_00100000_00100000_00100000_00100000_00100000_00100000_00100000_00100000_00100000_00100000_00100000_00100000_00100000_00100000_00100000_00100000_00100000_00100000_'
Info: line -1 - symbol[01BB] <= '00100000_00100000_00100000_00100000_00100000_00100000_00100000_00100000_00100000_00100000_00100000_00100000_00100000_00100000_00100000_00100000_00100000_00100000_00100000_00100000_00100000_00100000_00100000_00100000_00100000_00100000_00100000_00100000_00100000_00100000_00100000_00100000_'
Info: line -1 - symbol[01BC] <= '00100000_00100000_00100000_00100000_00100000_00100000_00100000_00100000_00100000_00100000_00100000_00100000_00100000_00100000_00100000_00100000_00100000_00100000_00100000_00100000_00100000_00100000_00100000_00100000_00100000_00100000_00100000_00100000_00100000_00100000_00100000_00100000_'
Info: line -1 - symbol[01BD] <= '00100000_00100000_00100000_00100000_00100000_00100000_00100000_00100000_00100000_00100000_00100000_00100000_00100000_00100000_00100000_00100000_00100000_00100000_00100000_00100000_00100000_00100000_00100000_00100000_00100000_00100000_00100000_00100000_00100000_00100000_00100000_00100000_'
Info: line -1 - symbol[01BE] <= '00100000_00100000_00100000_00100000_00100000_00100000_00100000_00100000_00100000_00100000_00100000_00100000_00100000_00100000_00100000_00100000_00100000_00100000_00100000_00100000_00100000_00100000_00100000_00100000_00100000_00100000_00100000_00100000_00100000_00100000_00100000_00100000_'
Info: line -1 - symbol[01BF] <= '00100000_00100000_00100000_00100000_00100000_00100000_00100000_00100000_00100000_00100000_00100000_00100000_00100000_00100000_00100000_00100000_00100000_00100000_00100000_00100000_00100000_00100000_00100000_00100000_00100000_00100000_00100000_00100000_00100000_00100000_00100000_00100000_'
Info: line -1 - symbol[01C0] <= '00100000_00100000_00100000_00100000_00100000_00100000_00100000_00100000_00100000_00100000_00100000_00100000_00100000_00100000_00100000_00100000_00100000_00100000_00100000_00100000_00100000_00100000_00100000_00100000_00100000_00100000_00100000_00100000_00100000_00100000_00100000_00100000_'
Info: line -1 - symbol[01C1] <= '00100000_00100000_00100000_00100000_00100000_00100000_00100000_00100000_00100000_00100000_00100000_00100000_00100000_00100000_00100000_00100000_00100000_00100000_00100000_00100000_00100000_00100000_00100000_00100000_00100000_00100000_00100000_00100000_00100000_00100000_00100000_00100000_'
Info: line -1 - symbol[01C2] <= '00100000_00100000_00100000_00100000_00100000_00100000_00100000_00100000_00100000_00100000_00100000_00100000_00100000_00100000_00100000_00100000_00100000_00100000_00100000_00100000_00100000_00100000_00100000_00100000_00100000_00100000_00100000_00100000_00100000_00100000_00100000_00100000_'
Info: line -1 - symbol[01C3] <= '00100000_00100000_00100000_00100000_00100000_00100000_00100000_00100000_00100000_00100000_00100000_00100000_00100000_00100000_00100000_00100000_00100000_00100000_00100000_00100000_00100000_00100000_00100000_00100000_00100000_00100000_00100000_00100000_00100000_00100000_00100000_00100000_'
Info: line -1 - symbol[01C4] <= '00100000_00100000_00100000_00100000_00100000_00100000_00100000_00100000_00100000_00100000_00100000_00100000_00100000_00100000_00100000_00100000_00100000_00100000_00100000_00100000_00100000_00100000_00100000_00100000_00100000_00100000_00100000_00100000_00100000_00100000_00100000_00100000_'
Info: line -1 - symbol[01C5] <= '00100000_00100000_00100000_00100000_00100000_00100000_00100000_00100000_00100000_00100000_00100000_00100000_00100000_00100000_00100000_00100000_00100000_00100000_00100000_00100000_00100000_00100000_00100000_00100000_00100000_00100000_00100000_00100000_00100000_00100000_00100000_00100000_'
Info: line -1 - symbol[01C6] <= '00100000_00100000_00100000_00100000_00100000_00100000_00100000_00100000_00100000_00100000_00100000_00100000_00100000_00100000_00100000_00100000_00100000_00100000_00100000_00100000_00100000_00100000_00100000_00100000_00100000_00100000_00100000_00100000_00100000_00100000_00100000_00100000_'
Info: line -1 - symbol[01C7] <= '00100000_00100000_00100000_00100000_00100000_00100000_00100000_00100000_00100000_00100000_00100000_00100000_00100000_00100000_00100000_00100000_00100000_00100000_00100000_00100000_00100000_00100000_00100000_00100000_00100000_00100000_00100000_00100000_00100000_00100000_00100000_00100000_'
Info: line -1 - symbol[01C8] <= '00100000_00100000_00100000_00100000_00100000_00100000_00100000_00100000_00100000_00100000_00100000_00100000_00100000_00100000_00100000_00100000_00100000_00100000_00100000_00100000_00100000_00100000_00100000_00100000_00100000_00100000_00100000_00100000_00100000_00100000_00100000_00100000_'
Info: line -1 - symbol[01C9] <= '00100000_00100000_00100000_00100000_00100000_00100000_00100000_00100000_00100000_00100000_00100000_00100000_00100000_00100000_00100000_00100000_00100000_00100000_00100000_00100000_00100000_00100000_00100000_00100000_00100000_00100000_00100000_00100000_00100000_00100000_00100000_00100000_'
Info: line -1 - symbol[01CA] <= '00100000_00100000_00100000_00100000_00100000_00100000_00100000_00100000_00100000_00100000_00100000_00100000_00100000_00100000_00100000_00100000_00100000_00100000_00100000_00100000_00100000_00100000_00100000_00100000_00100000_00100000_00100000_00100000_00100000_00100000_00100000_00100000_'
Info: line -1 - symbol[01CB] <= '00100000_00100000_00100000_00100000_00100000_00100000_00100000_00100000_00100000_00100000_00100000_00100000_00100000_00100000_00100000_00100000_00100000_00100000_00100000_00100000_00100000_00100000_00100000_00100000_00100000_00100000_00100000_00100000_00100000_00100000_00100000_00100000_'
Info: line -1 - symbol[01CC] <= '00100000_00100000_00100000_00100000_00100000_00100000_00100000_00100000_00100000_00100000_00100000_00100000_00100000_00100000_00100000_00100000_00100000_00100000_00100000_00100000_00100000_00100000_00100000_00100000_00100000_00100000_00100000_00100000_00100000_00100000_00100000_00100000_'
Info: line -1 - symbol[01CD] <= '00100000_00100000_00100000_00100000_00100000_00100000_00100000_00100000_00100000_00100000_00100000_00100000_00100000_00100000_00100000_00100000_00100000_00100000_00100000_00100000_00100000_00100000_00100000_00100000_00100000_00100000_00100000_00100000_00100000_00100000_00100000_00100000_'
Info: line -1 - symbol[01CE] <= '00100000_00100000_00100000_00100000_00100000_00100000_00100000_00100000_00100000_00100000_00100000_00100000_00100000_00100000_00100000_00100000_00100000_00100000_00100000_00100000_00100000_00100000_00100000_00100000_00100000_00100000_00100000_00100000_00100000_00100000_00100000_00100000_'
Info: line -1 - symbol[01CF] <= '00100000_00100000_00100000_00100000_00100000_00100000_00100000_00100000_00100000_00100000_00100000_00100000_00100000_00100000_00100000_00100000_00100000_00100000_00100000_00100000_00100000_00100000_00100000_00100000_00100000_00100000_00100000_00100000_00100000_00100000_00100000_00100000_'
Info: line -1 - symbol[01D0] <= '00100000_00100000_00100000_00100000_00100000_00100000_00100000_00100000_00100000_00100000_00100000_00100000_00100000_00100000_00100000_00100000_00100000_00100000_00100000_00100000_00100000_00100000_00100000_00100000_00100000_00100000_00100000_00100000_00100000_00100000_00100000_00100000_'
Info: line -1 - symbol[01D1] <= '00100000_00100000_00100000_00100000_00100000_00100000_00100000_00100000_00100000_00100000_00100000_00100000_00100000_00100000_00100000_00100000_00100000_00100000_00100000_00100000_00100000_00100000_00100000_00100000_00100000_00100000_00100000_00100000_00100000_00100000_00100000_00100000_'
Info: line -1 - symbol[01D2] <= '00100000_00100000_00100000_00100000_00100000_00100000_00100000_00100000_00100000_00100000_00100000_00100000_00100000_00100000_00100000_00100000_00100000_00100000_00100000_00100000_00100000_00100000_00100000_00100000_00100000_00100000_00100000_00100000_00100000_00100000_00100000_00100000_'
Info: line -1 - symbol[01D3] <= '00100000_00100000_00100000_00100000_00100000_00100000_00100000_00100000_00100000_00100000_00100000_00100000_00100000_00100000_00100000_00100000_00100000_00100000_00100000_00100000_00100000_00100000_00100000_00100000_00100000_00100000_00100000_00100000_00100000_00100000_00100000_00100000_'
Info: line -1 - symbol[01D4] <= '00100000_00100000_00100000_00100000_00100000_00100000_00100000_00100000_00100000_00100000_00100000_00100000_00100000_00100000_00100000_00100000_00100000_00100000_00100000_00100000_00100000_00100000_00100000_00100000_00100000_00100000_00100000_00100000_00100000_00100000_00100000_00100000_'
Info: line -1 - symbol[01D5] <= '00100000_00100000_00100000_00100000_00100000_00100000_00100000_00100000_00100000_00100000_00100000_00100000_00100000_00100000_00100000_00100000_00100000_00100000_00100000_00100000_00100000_00100000_00100000_00100000_00100000_00100000_00100000_00100000_00100000_00100000_00100000_00100000_'
Info: line -1 - symbol[01D6] <= '00100000_00100000_00100000_00100000_00100000_00100000_00100000_00100000_00100000_00100000_00100000_00100000_00100000_00100000_00100000_00100000_00100000_00100000_00100000_00100000_00100000_00100000_00100000_00100000_00100000_00100000_00100000_00100000_00100000_00100000_00100000_00100000_'
Info: line -1 - symbol[01D7] <= '00100000_00100000_00100000_00100000_00100000_00100000_00100000_00100000_00100000_00100000_00100000_00100000_00100000_00100000_00100000_00100000_00100000_00100000_00100000_00100000_00100000_00100000_00100000_00100000_00100000_00100000_00100000_00100000_00100000_00100000_00100000_00100000_'
Info: line -1 - symbol[01D8] <= '00100000_00100000_00100000_00100000_00100000_00100000_00100000_00100000_00100000_00100000_00100000_00100000_00100000_00100000_00100000_00100000_00100000_00100000_00100000_00100000_00100000_00100000_00100000_00100000_00100000_00100000_00100000_00100000_00100000_00100000_00100000_00100000_'
Info: line -1 - symbol[01D9] <= '00100000_00100000_00100000_00100000_00100000_00100000_00100000_00100000_00100000_00100000_00100000_00100000_00100000_00100000_00100000_00100000_00100000_00100000_00100000_00100000_00100000_00100000_00100000_00100000_00100000_00100000_00100000_00100000_00100000_00100000_00100000_00100000_'
Info: line -1 - symbol[01DA] <= '00100000_00100000_00100000_00100000_00100000_00100000_00100000_00100000_00100000_00100000_00100000_00100000_00100000_00100000_00100000_00100000_00100000_00100000_00100000_00100000_00100000_00100000_00100000_00100000_00100000_00100000_00100000_00100000_00100000_00100000_00100000_00100000_'
Info: line -1 - symbol[01DB] <= '00100000_00100000_00100000_00100000_00100000_00100000_00100000_00100000_00100000_00100000_00100000_00100000_00100000_00100000_00100000_00100000_00100000_00100000_00100000_00100000_00100000_00100000_00100000_00100000_00100000_00100000_00100000_00100000_00100000_00100000_00100000_00100000_'
Info: line -1 - symbol[01DC] <= '00100000_00100000_00100000_00100000_00100000_00100000_00100000_00100000_00100000_00100000_00100000_00100000_00100000_00100000_00100000_00100000_00100000_00100000_00100000_00100000_00100000_00100000_00100000_00100000_00100000_00100000_00100000_00100000_00100000_00100000_00100000_00100000_'
Info: line -1 - symbol[01DD] <= '00100000_00100000_00100000_00100000_00100000_00100000_00100000_00100000_00100000_00100000_00100000_00100000_00100000_00100000_00100000_00100000_00100000_00100000_00100000_00100000_00100000_00100000_00100000_00100000_00100000_00100000_00100000_00100000_00100000_00100000_00100000_00100000_'
Info: line -1 - symbol[01DE] <= '00100000_00100000_00100000_00100000_00100000_00100000_00100000_00100000_00100000_00100000_00100000_00100000_00100000_00100000_00100000_00100000_00100000_00100000_00100000_00100000_00100000_00100000_00100000_00100000_00100000_00100000_00100000_00100000_00100000_00100000_00100000_00100000_'
Info: line -1 - symbol[01DF] <= '00100000_00100000_00100000_00100000_00100000_00100000_00100000_00100000_00100000_00100000_00100000_00100000_00100000_00100000_00100000_00100000_00100000_00100000_00100000_00100000_00100000_00100000_00100000_00100000_00100000_00100000_00100000_00100000_00100000_00100000_00100000_00100000_'
Info: line -1 - symbol[01E0] <= '00100000_00100000_00100000_00100000_00100000_00100000_00100000_00100000_00100000_00100000_00100000_00100000_00100000_00100000_00100000_00100000_00100000_00100000_00100000_00100000_00100000_00100000_00100000_00100000_00100000_00100000_00100000_00100000_00100000_00100000_00100000_00100000_'
Info: line -1 - symbol[01E1] <= '00100000_00100000_00100000_00100000_00100000_00100000_00100000_00100000_00100000_00100000_00100000_00100000_00100000_00100000_00100000_00100000_00100000_00100000_00100000_00100000_00100000_00100000_00100000_00100000_00100000_00100000_00100000_00100000_00100000_00100000_00100000_00100000_'
Info: line -1 - symbol[01E2] <= '00100000_00100000_00100000_00100000_00100000_00100000_00100000_00100000_00100000_00100000_00100000_00100000_00100000_00100000_00100000_00100000_00100000_00100000_00100000_00100000_00100000_00100000_00100000_00100000_00100000_00100000_00100000_00100000_00100000_00100000_00100000_00100000_'
Info: line -1 - symbol[01E3] <= '00100000_00100000_00100000_00100000_00100000_00100000_00100000_00100000_00100000_00100000_00100000_00100000_00100000_00100000_00100000_00100000_00100000_00100000_00100000_00100000_00100000_00100000_00100000_00100000_00100000_00100000_00100000_00100000_00100000_00100000_00100000_00100000_'
Info: line -1 - symbol[01E4] <= '00100000_00100000_00100000_00100000_00100000_00100000_00100000_00100000_00100000_00100000_00100000_00100000_00100000_00100000_00100000_00100000_00100000_00100000_00100000_00100000_00100000_00100000_00100000_00100000_00100000_00100000_00100000_00100000_00100000_00100000_00100000_00100000_'
Info: line -1 - symbol[01E5] <= '00100000_00100000_00100000_00100000_00100000_00100000_00100000_00100000_00100000_00100000_00100000_00100000_00100000_00100000_00100000_00100000_00100000_00100000_00100000_00100000_00100000_00100000_00100000_00100000_00100000_00100000_00100000_00100000_00100000_00100000_00100000_00100000_'
Info: line -1 - symbol[01E6] <= '00100000_00100000_00100000_00100000_00100000_00100000_00100000_00100000_00100000_00100000_00100000_00100000_00100000_00100000_00100000_00100000_00100000_00100000_00100000_00100000_00100000_00100000_00100000_00100000_00100000_00100000_00100000_00100000_00100000_00100000_00100000_00100000_'
Info: line -1 - symbol[01E7] <= '00100000_00100000_00100000_00100000_00100000_00100000_00100000_00100000_00100000_00100000_00100000_00100000_00100000_00100000_00100000_00100000_00100000_00100000_00100000_00100000_00100000_00100000_00100000_00100000_00100000_00100000_00100000_00100000_00100000_00100000_00100000_00100000_'
Info: line -1 - symbol[01E8] <= '00100000_00100000_00100000_00100000_00100000_00100000_00100000_00100000_00100000_00100000_00100000_00100000_00100000_00100000_00100000_00100000_00100000_00100000_00100000_00100000_00100000_00100000_00100000_00100000_00100000_00100000_00100000_00100000_00100000_00100000_00100000_00100000_'
Info: line -1 - symbol[01E9] <= '00100000_00100000_00100000_00100000_00100000_00100000_00100000_00100000_00100000_00100000_00100000_00100000_00100000_00100000_00100000_00100000_00100000_00100000_00100000_00100000_00100000_00100000_00100000_00100000_00100000_00100000_00100000_00100000_00100000_00100000_00100000_00100000_'
Info: line -1 - symbol[01EA] <= '00100000_00100000_00100000_00100000_00100000_00100000_00100000_00100000_00100000_00100000_00100000_00100000_00100000_00100000_00100000_00100000_00100000_00100000_00100000_00100000_00100000_00100000_00100000_00100000_00100000_00100000_00100000_00100000_00100000_00100000_00100000_00100000_'
Info: line -1 - symbol[01EB] <= '00100000_00100000_00100000_00100000_00100000_00100000_00100000_00100000_00100000_00100000_00100000_00100000_00100000_00100000_00100000_00100000_00100000_00100000_00100000_00100000_00100000_00100000_00100000_00100000_00100000_00100000_00100000_00100000_00100000_00100000_00100000_00100000_'
Info: line -1 - symbol[01EC] <= '00100000_00100000_00100000_00100000_00100000_00100000_00100000_00100000_00100000_00100000_00100000_00100000_00100000_00100000_00100000_00100000_00100000_00100000_00100000_00100000_00100000_00100000_00100000_00100000_00100000_00100000_00100000_00100000_00100000_00100000_00100000_00100000_'
Info: line -1 - symbol[01ED] <= '00100000_00100000_00100000_00100000_00100000_00100000_00100000_00100000_00100000_00100000_00100000_00100000_00100000_00100000_00100000_00100000_00100000_00100000_00100000_00100000_00100000_00100000_00100000_00100000_00100000_00100000_00100000_00100000_00100000_00100000_00100000_00100000_'
Info: line -1 - symbol[01EE] <= '00100000_00100000_00100000_00100000_00100000_00100000_00100000_00100000_00100000_00100000_00100000_00100000_00100000_00100000_00100000_00100000_00100000_00100000_00100000_00100000_00100000_00100000_00100000_00100000_00100000_00100000_00100000_00100000_00100000_00100000_00100000_00100000_'
Info: line -1 - symbol[01EF] <= '00100000_00100000_00100000_00100000_00100000_00100000_00100000_00100000_00100000_00100000_00100000_00100000_00100000_00100000_00100000_00100000_00100000_00100000_00100000_00100000_00100000_00100000_00100000_00100000_00100000_00100000_00100000_00100000_00100000_00100000_00100000_00100000_'
Info: line -1 - symbol[01F0] <= '00100000_00100000_00100000_00100000_00100000_00100000_00100000_00100000_00100000_00100000_00100000_00100000_00100000_00100000_00100000_00100000_00100000_00100000_00100000_00100000_00100000_00100000_00100000_00100000_00100000_00100000_00100000_00100000_00100000_00100000_00100000_00100000_'
Info: line -1 - symbol[01F1] <= '00100000_00100000_00100000_00100000_00100000_00100000_00100000_00100000_00100000_00100000_00100000_00100000_00100000_00100000_00100000_00100000_00100000_00100000_00100000_00100000_00100000_00100000_00100000_00100000_00100000_00100000_00100000_00100000_00100000_00100000_00100000_00100000_'
Info: line -1 - symbol[01F2] <= '00100000_00100000_00100000_00100000_00100000_00100000_00100000_00100000_00100000_00100000_00100000_00100000_00100000_00100000_00100000_00100000_00100000_00100000_00100000_00100000_00100000_00100000_00100000_00100000_00100000_00100000_00100000_00100000_00100000_00100000_00100000_00100000_'
Info: line -1 - symbol[01F3] <= '00100000_00100000_00100000_00100000_00100000_00100000_00100000_00100000_00100000_00100000_00100000_00100000_00100000_00100000_00100000_00100000_00100000_00100000_00100000_00100000_00100000_00100000_00100000_00100000_00100000_00100000_00100000_00100000_00100000_00100000_00100000_00100000_'
Info: line -1 - symbol[01F4] <= '00100000_00100000_00100000_00100000_00100000_00100000_00100000_00100000_00100000_00100000_00100000_00100000_00100000_00100000_00100000_00100000_00100000_00100000_00100000_00100000_00100000_00100000_00100000_00100000_00100000_00100000_00100000_00100000_00100000_00100000_00100000_00100000_'
Info: line -1 - symbol[01F5] <= '00100000_00100000_00100000_00100000_00100000_00100000_00100000_00100000_00100000_00100000_00100000_00100000_00100000_00100000_00100000_00100000_00100000_00100000_00100000_00100000_00100000_00100000_00100000_00100000_00100000_00100000_00100000_00100000_00100000_00100000_00100000_00100000_'
Info: line -1 - symbol[01F6] <= '00100000_00100000_00100000_00100000_00100000_00100000_00100000_00100000_00100000_00100000_00100000_00100000_00100000_00100000_00100000_00100000_00100000_00100000_00100000_00100000_00100000_00100000_00100000_00100000_00100000_00100000_00100000_00100000_00100000_00100000_00100000_00100000_'
Info: line -1 - symbol[01F7] <= '00100000_00100000_00100000_00100000_00100000_00100000_00100000_00100000_00100000_00100000_00100000_00100000_00100000_00100000_00100000_00100000_00100000_00100000_00100000_00100000_00100000_00100000_00100000_00100000_00100000_00100000_00100000_00100000_00100000_00100000_00100000_00100000_'
Info: line -1 - symbol[01F8] <= '00100000_00100000_00100000_00100000_00100000_00100000_00100000_00100000_00100000_00100000_00100000_00100000_00100000_00100000_00100000_00100000_00100000_00100000_00100000_00100000_00100000_00100000_00100000_00100000_00100000_00100000_00100000_00100000_00100000_00100000_00100000_00100000_'
Info: line -1 - symbol[01F9] <= '00100000_00100000_00100000_00100000_00100000_00100000_00100000_00100000_00100000_00100000_00100000_00100000_00100000_00100000_00100000_00100000_00100000_00100000_00100000_00100000_00100000_00100000_00100000_00100000_00100000_00100000_00100000_00100000_00100000_00100000_00100000_00100000_'
Info: line -1 - symbol[01FA] <= '00100000_00100000_00100000_00100000_00100000_00100000_00100000_00100000_00100000_00100000_00100000_00100000_00100000_00100000_00100000_00100000_00100000_00100000_00100000_00100000_00100000_00100000_00100000_00100000_00100000_00100000_00100000_00100000_00100000_00100000_00100000_00100000_'
Info: line -1 - symbol[01FB] <= '00100000_00100000_00100000_00100000_00100000_00100000_00100000_00100000_00100000_00100000_00100000_00100000_00100000_00100000_00100000_00100000_00100000_00100000_00100000_00100000_00100000_00100000_00100000_00100000_00100000_00100000_00100000_00100000_00100000_00100000_00100000_00100000_'
Info: line -1 - symbol[01FC] <= '00100000_00100000_00100000_00100000_00100000_00100000_00100000_00100000_00100000_00100000_00100000_00100000_00100000_00100000_00100000_00100000_00100000_00100000_00100000_00100000_00100000_00100000_00100000_00100000_00100000_00100000_00100000_00100000_00100000_00100000_00100000_00100000_'
Info: line -1 - symbol[01FD] <= '00100000_00100000_00100000_00100000_00100000_00100000_00100000_00100000_00100000_00100000_00100000_00100000_00100000_00100000_00100000_00100000_00100000_00100000_00100000_00100000_00100000_00100000_00100000_00100000_00100000_00100000_00100000_00100000_00100000_00100000_00100000_00100000_'
Info: line -1 - symbol[01FE] <= '00100000_00100000_00100000_00100000_00100000_00100000_00100000_00100000_00100000_00100000_00100000_00100000_00100000_00100000_00100000_00100000_00100000_00100000_00100000_00100000_00100000_00100000_00100000_00100000_00100000_00100000_00100000_00100000_00100000_00100000_00100000_00100000_'
Info: line -1 - symbol[01FF] <= '00100000_00100000_00100000_00100000_00100000_00100000_00100000_00100000_00100000_00100000_00100000_00100000_00100000_00100000_00100000_00100000_00100000_00100000_00100000_00100000_00100000_00100000_00100000_00100000_00100000_00100000_00100000_00100000_00100000_00100000_00100000_00100000_'
Field 'nWR' 79 .. 79
Field 'nRD' 78 .. 78
Field 'seq_cond' 77 .. 73
Field 'seq_then' 72 .. 64
Field 'seq_else' 63 .. 55
Field 'directByte' 54 .. 48
Field 'T' 47 .. 43
Field 'DBGINDEX' 42 .. 41
Field 'IL_PC' 40 .. 38
Field 'XQhere' 37 .. 37
Field 'IL_OP' 36 .. 36
Field 'RetStack' 35 .. 34
Field 'BasStack' 33 .. 32
Field 'ExpStack' 31 .. 29
Field 'CHAROUT' 28 .. 26
Field 'MAR' 25 .. 24
Field 'MDR' 23 .. 21
Field 'InlEnd' 20 .. 19
Field 'BP' 18 .. 16
Field 'SvPt' 15 .. 14
Field 'gotChar' 13 .. 13
Field 'Vars' 12 .. 11
Field 'alu' 10 .. 6
Field 'Lino' 5 .. 5
Field 'BE' 4 .. 4
Field 'LS' 3 .. 3
Field 'LE' 2 .. 2
Field 'PrgEnd' 1 .. 1
Field 'dummy' 0 .. 0
Info: line -1 - symbol[0000] <= '01011111_01110010_01100101_01110011_01100101_01110100_00111010_00100000_01101001_01100110_00100000_01110100_01110010_01110101_01100101_00100000_01110100_01101000_01100101_01101110_00100000_01100011_01101111_01101110_01110100_01101001_01101110_01110101_01100101_00100000_01100101_01101100_'
Info: line -1 - symbol[0001] <= '01011111_01110010_01100101_01110011_01100101_01110100_00110001_00111010_00100000_01010100_00100000_00111100_00111101_00100000_01111010_01100101_01110010_01101111_00111011_00100000_00100000_00100000_00100000_00100000_00100000_00100000_00100000_00100000_00100000_00100000_00100000_00100000_'
Info: line -1 - symbol[0002] <= '01011111_01110010_01100101_01110011_01100101_01110100_00110010_00111010_00100000_01011000_01010001_01101000_01100101_01110010_01100101_00100000_00111100_00111101_00100000_01010100_00111011_00100000_00100000_00100000_00100000_00100000_00100000_00100000_00100000_00100000_00100000_00100000_'
Info: line -1 - symbol[0003] <= '01011111_01110010_01100101_01110011_01100101_01110100_00110011_00111010_00100000_01101001_01100110_00100000_01110100_01110010_01110101_01100101_00100000_01110100_01101000_01100101_01101110_00100000_01100011_01101111_01101110_01110100_01101001_01101110_01110101_01100101_00100000_01100101_'
Info: line -1 - symbol[0004] <= '01000011_01101111_01101100_01100100_01010011_01110100_01100001_01110010_01110100_00111010_00100000_01110100_01110010_01100001_01100011_01100101_00101000_01100110_01110010_01101111_01101101_01011111_01101101_01101001_01100011_01110010_01101111_01100011_01101111_01100100_01100101_00101001_'
Info: line -1 - symbol[0005] <= '01110111_01110010_01101001_01110100_01100101_00110010_01001110_01110101_01101100_01101100_01110011_00101000_01010000_01110010_01101111_01100111_01011111_01110011_01110100_01100001_01110010_01110100_00101001_00111011_00100000_00100000_00100000_00100000_00100000_00100000_00100000_00100000_'
Info: line -1 - symbol[0006] <= '01010111_01100001_01110010_01101101_01010011_01110100_01100001_01110010_01110100_00111010_00100000_01000100_01000010_01000111_01001001_01001110_01000100_01000101_01011000_00100000_00111100_00111101_00100000_01111010_01100101_01110010_01101111_00101100_00100000_01000101_01111000_01110000_'
Info: line -1 - symbol[0007] <= '01000010_01010000_00100000_00111100_00111101_00100000_01001001_01101110_01001100_01101001_01101110_01100101_01011111_01110011_01110100_01100001_01110010_01110100_00101100_00100000_01010011_01110110_01010000_01110100_00100000_00111100_00111101_00100000_01001001_01101110_01001100_01101001_'
Info: line -1 - symbol[0008] <= '01001100_01101001_01101110_01101111_00100000_00111100_00111101_00100000_01010100_00101100_00100000_01001001_01001100_01011111_01010000_01000011_00100000_00111100_00111101_00100000_01010100_00101100_00100000_01110111_01110010_01101001_01110100_01100101_00110010_01001110_01110101_01101100_'
Info: line -1 - symbol[0009] <= '01100110_01100101_01110100_01100011_01101000_00111010_00100000_01110100_01110010_01100001_01100011_01100101_00101000_01100011_01110010_01101100_01100110_00101001_00111011_00100000_00100000_00100000_00100000_00100000_00100000_00100000_00100000_00100000_00100000_00100000_00100000_00100000_'
Info: line -1 - symbol[000A] <= '01110100_01110010_01100001_01100011_01100101_00101000_01100110_01110010_01101111_01101101_01011111_01101101_01101001_01100011_01110010_01101111_01100011_01101111_01100100_01100101_00101001_00101100_00100000_01100100_01101001_01110010_01100101_01100011_01110100_01000010_01111001_01110100_'
Info: line -1 - symbol[000B] <= '01110100_01110010_01100001_01100011_01100101_00101000_01100110_01110010_01101111_01101101_01011111_01101101_01101001_01100011_01110010_01101111_01100011_01101111_01100100_01100101_00101001_00101100_00100000_01100100_01101001_01110010_01100101_01100011_01110100_01000010_01111001_01110100_'
Info: line -1 - symbol[000C] <= '01001001_01001100_01011111_01001111_01010000_00100000_00111100_00111101_00100000_01100110_01110010_01101111_01101101_01011111_01101001_01101110_01110100_01100101_01110010_01110000_01110010_01100101_01110100_01100101_01110010_00101100_00100000_01001001_01001100_01011111_01010000_01000011_'
Info: line -1 - symbol[000D] <= '01110100_01110010_01100001_01100011_01100101_00101000_01100110_01110010_01101111_01101101_01011111_01101101_01101001_01100011_01110010_01101111_01100011_01101111_01100100_01100101_00101001_00101100_00100000_01100100_01101001_01110010_01100101_01100011_01110100_01000010_01111001_01110100_'
Info: line -1 - symbol[000E] <= '01100001_01101100_01110101_00100000_00111100_00111101_00100000_01110010_01100101_01110011_01100101_01110100_00110000_00101100_00100000_01101001_01100110_00100000_01001001_01001100_01011111_01000001_01011111_01010110_01000001_01001100_01001001_01000100_00100000_01110100_01101000_01100101_'
Info: 256 mapper locations from 0 to 255 set to value '0000000000001111'
Info: line -1 - symbol[000F] <= '01100010_01100001_01100100_01101111_01110000_00111010_00100000_01101001_01100110_00100000_01100110_01100001_01101100_01110011_01100101_00100000_01110100_01101000_01100101_01101110_00100000_01100011_01101111_01101110_01110100_01101001_01101110_01110101_01100101_00100000_01100101_01101100_'
Warning in line 6: overwriting '0000000000001111' with '0000000000010000' at mapper[0000]
Warning in line 6: overwriting '0000000000001111' with '0000000000010000' at mapper[0001]
Warning in line 6: overwriting '0000000000001111' with '0000000000010000' at mapper[0002]
Warning in line 6: overwriting '0000000000001111' with '0000000000010000' at mapper[0003]
Warning in line 6: overwriting '0000000000001111' with '0000000000010000' at mapper[0004]
Warning in line 6: overwriting '0000000000001111' with '0000000000010000' at mapper[0005]
Warning in line 6: overwriting '0000000000001111' with '0000000000010000' at mapper[0006]
Warning in line 6: overwriting '0000000000001111' with '0000000000010000' at mapper[0007]
Info: 8 mapper locations from 0 to 7 set to value '0000000000010000'
Info: line -1 - symbol[0010] <= '01110100_01110010_01100001_01100011_01100101_00101000_01100110_01110010_01101111_01101101_01011111_01101101_01101001_01100011_01110010_01101111_01100011_01101111_01100100_01100101_00101001_00101100_00100000_01100100_01101001_01110010_01100101_01100011_01110100_01000010_01111001_01110100_'
Info: line -1 - symbol[0011] <= '01000101_01111000_01110000_01010011_01110100_01100001_01100011_01101011_00100000_00111100_00111101_00100000_01110011_01110100_01100001_01110010_01110100_01010011_01110111_01100001_01110000_00111011_00100000_00100000_00100000_00100000_00100000_00100000_00100000_00100000_00100000_00100000_'
Info: line -1 - symbol[0012] <= '01000101_01111000_01110000_01010011_01110100_01100001_01100011_01101011_00100000_00111100_00111101_00100000_01100101_01101110_01100100_01010011_01110111_01100001_01110000_00111011_00100000_00100000_00100000_00100000_00100000_00100000_00100000_00100000_00100000_00100000_00100000_00100000_'
Info: line -1 - symbol[0013] <= '01101001_01100110_00100000_01100110_01100001_01101100_01110011_01100101_00100000_01110100_01101000_01100101_01101110_00100000_01100011_01101111_01101110_01110100_01101001_01101110_01110101_01100101_00100000_01100101_01101100_01110011_01100101_00100000_01100110_01100101_01110100_01100011_'
Warning in line 6: overwriting '0000000000010000' with '0000000000010100' at mapper[0000]
Info: Mapper location 0 set to value '0000000000010100'
Info: line -1 - symbol[0014] <= '01110100_01110010_01100001_01100011_01100101_00101000_01100110_01110010_01101111_01101101_01011111_01101101_01101001_01100011_01110010_01101111_01100011_01101111_01100100_01100101_00101001_00101100_00100000_01100100_01101001_01110010_01100101_01100011_01110100_01000010_01111001_01110100_'
Info: line -1 - symbol[0015] <= '01101001_01100110_00100000_01100110_01100001_01101100_01110011_01100101_00100000_01110100_01101000_01100101_01101110_00100000_01100011_01101111_01101110_01110100_01101001_01101110_01110101_01100101_00100000_01100101_01101100_01110011_01100101_00100000_01100110_01100101_01110100_01100011_'
Warning in line 6: overwriting '0000000000001111' with '0000000000010110' at mapper[0008]
Info: Mapper location 8 set to value '0000000000010110'
Info: line -1 - symbol[0016] <= '01110100_01110010_01100001_01100011_01100101_00101000_01100110_01110010_01101111_01101101_01011111_01101101_01101001_01100011_01110010_01101111_01100011_01101111_01100100_01100101_00101001_00101100_00100000_01100100_01101001_01110010_01100101_01100011_01110100_01000010_01111001_01110100_'
Info: line -1 - symbol[0017] <= '01101001_01100110_00100000_01100110_01100001_01101100_01110011_01100101_00100000_01110100_01101000_01100101_01101110_00100000_01100011_01101111_01101110_01110100_01101001_01101110_01110101_01100101_00100000_01100101_01101100_01110011_01100101_00100000_01100110_01100101_01110100_01100011_'
Warning in line 6: overwriting '0000000000001111' with '0000000000011000' at mapper[0009]
Info: Mapper location 9 set to value '0000000000011000'
Info: line -1 - symbol[0018] <= '01110100_01110010_01100001_01100011_01100101_00101000_01100110_01110010_01101111_01101101_01011111_01101101_01101001_01100011_01110010_01101111_01100011_01101111_01100100_01100101_00101001_00101100_00100000_01100100_01101001_01110010_01100101_01100011_01110100_01000010_01111001_01110100_'
Info: line -1 - symbol[0019] <= '01101100_01100010_01011111_01110000_01110101_01110011_01101000_00111010_00100000_01110100_01110010_01100001_01100011_01100101_00101000_01100110_01110010_01101111_01101101_01011111_01101101_01101001_01100011_01110010_01101111_01100011_01101111_01100100_01100101_00101001_00101100_00100000_'
Info: line -1 - symbol[001A] <= '01000101_01111000_01110000_01010011_01110100_01100001_01100011_01101011_00100000_00111100_00111101_00100000_01110000_01110101_01110011_01101000_01011111_01010100_01000010_01111001_01110100_01100101_00111011_00100000_00100000_00100000_00100000_00100000_00100000_00100000_00100000_00100000_'
Info: line -1 - symbol[001B] <= '01001001_01001100_01011111_01010000_01000011_00100000_00111100_00111101_00100000_01101001_01101110_01100011_00101100_00100000_01101001_01100110_00100000_01010011_01010100_01000001_01000011_01001011_01011111_01001001_01010011_01011111_01000110_01010101_01001100_01001100_00100000_01110100_'
Warning in line 6: overwriting '0000000000001111' with '0000000000011100' at mapper[000A]
Info: Mapper location 10 set to value '0000000000011100'
Info: line -1 - symbol[001C] <= '01110100_01110010_01100001_01100011_01100101_00101000_01100110_01110010_01101111_01101101_01011111_01101101_01101001_01100011_01110010_01101111_01100011_01101111_01100100_01100101_00101001_00101100_00100000_01100100_01101001_01110010_01100101_01100011_01110100_01000010_01111001_01110100_'
Info: line -1 - symbol[001D] <= '01110100_01110010_01100001_01100011_01100101_00101000_01100110_01110010_01101111_01101101_01011111_01101101_01101001_01100011_01110010_01101111_01100011_01101111_01100100_01100101_00101001_00101100_00100000_01100100_01101001_01110010_01100101_01100011_01110100_01000010_01111001_01110100_'
Info: line -1 - symbol[001E] <= '01000101_01111000_01110000_01010011_01110100_01100001_01100011_01101011_00100000_00111100_00111101_00100000_01110000_01110101_01110011_01101000_01011111_01010100_01000010_01111001_01110100_01100101_00111011_00100000_00100000_00100000_00100000_00100000_00100000_00100000_00100000_00100000_'
Info: line -1 - symbol[001F] <= '01001001_01001100_01011111_01010000_01000011_00100000_00111100_00111101_00100000_01101001_01101110_01100011_00101100_00100000_01101001_01100110_00100000_01010011_01010100_01000001_01000011_01001011_01011111_01001001_01010011_01011111_01000110_01010101_01001100_01001100_00100000_01110100_'
Warning in line 6: overwriting '0000000000001111' with '0000000000100000' at mapper[000B]
Info: Mapper location 11 set to value '0000000000100000'
Info: line -1 - symbol[0020] <= '01110100_01110010_01100001_01100011_01100101_00101000_01100110_01110010_01101111_01101101_01011111_01101101_01101001_01100011_01110010_01101111_01100011_01101111_01100100_01100101_00101001_00101100_00100000_01100100_01101001_01110010_01100101_01100011_01110100_01000010_01111001_01110100_'
Info: line -1 - symbol[0021] <= '01101001_01100110_00100000_01010011_01010100_01000001_01000011_01001011_01011111_01001001_01010011_01011111_01000101_01001101_01010000_01010100_01011001_00100000_01110100_01101000_01100101_01101110_00100000_01000101_01010011_01010100_01000001_01000011_01001011_01011111_01000101_01010010_'
Info: line -1 - symbol[0022] <= '01010100_00100000_00111100_00111101_00100000_01000101_01111000_01110000_01010011_01110100_01100001_01100011_01101011_00101100_00100000_01101001_01100110_00100000_01010011_01010100_01000001_01000011_01001011_01011111_01001001_01010011_01011111_01000110_01010101_01001100_01001100_00100000_'
Info: line -1 - symbol[0023] <= '01000101_01111000_01110000_01010011_01110100_01100001_01100011_01101011_00100000_00111100_00111101_00100000_01110000_01110101_01110011_01101000_01011111_01010100_01010111_01101111_01110010_01100100_00101100_00100000_01101001_01100110_00100000_01100110_01100001_01101100_01110011_01100101_'
Warning in line 6: overwriting '0000000000001111' with '0000000000100100' at mapper[000C]
Info: Mapper location 12 set to value '0000000000100100'
Info: line -1 - symbol[0024] <= '01110100_01110010_01100001_01100011_01100101_00101000_01100110_01110010_01101111_01101101_01011111_01101101_01101001_01100011_01110010_01101111_01100011_01101111_01100100_01100101_00101001_00101100_00100000_01100100_01101001_01110010_01100101_01100011_01110100_01000010_01111001_01110100_'
Info: line -1 - symbol[0025] <= '01101001_01100110_00100000_01010011_01010100_01000001_01000011_01001011_01011111_01001001_01010011_01011111_01000101_01001101_01010000_01010100_01011001_00100000_01110100_01101000_01100101_01101110_00100000_01000101_01010011_01010100_01000001_01000011_01001011_01011111_01000101_01010010_'
Info: line -1 - symbol[0026] <= '01000101_01111000_01110000_01010011_01110100_01100001_01100011_01101011_00100000_00111100_00111101_00100000_01110000_01101111_01110000_00110010_00101100_00100000_01101001_01100110_00100000_01100110_01100001_01101100_01110011_01100101_00100000_01110100_01101000_01100101_01101110_00100000_'
Warning in line 6: overwriting '0000000000001111' with '0000000000100111' at mapper[0010]
Info: Mapper location 16 set to value '0000000000100111'
Info: line -1 - symbol[0027] <= '01110100_01110010_01100001_01100011_01100101_00101000_01100110_01110010_01101111_01101101_01011111_01101101_01101001_01100011_01110010_01101111_01100011_01101111_01100100_01100101_00101001_00101100_00100000_01100100_01101001_01110010_01100101_01100011_01110100_01000010_01111001_01110100_'
Info: line -1 - symbol[0028] <= '01101001_01100110_00100000_01000010_01010000_01011111_01001001_01001110_01011111_01001001_01001110_01010000_01001100_01001001_01001110_01000101_00100000_01110100_01101000_01100101_01101110_00100000_01101110_01100101_01111000_01110100_00100000_01100101_01101100_01110011_01100101_00100000_'
Info: line -1 - symbol[0029] <= '01110011_01100001_01110110_01100101_01011111_01100010_01110000_00111010_00100000_01010011_01110110_01010000_01110100_00100000_00111100_00111101_00100000_01000010_01010000_00111011_00100000_00100000_00100000_00100000_00100000_00100000_00100000_00100000_00100000_00100000_00100000_00100000_'
Info: line -1 - symbol[002A] <= '01100010_01110000_01011111_01100100_01101111_01101110_01100101_00111010_00100000_01110100_01110010_01100001_01100011_01100101_01000010_01010000_00101000_00101001_00111011_00100000_00100000_00100000_00100000_00100000_00100000_00100000_00100000_00100000_00100000_00100000_00100000_00100000_'
Info: line -1 - symbol[002B] <= '01101001_01100110_00100000_01100110_01100001_01101100_01110011_01100101_00100000_01110100_01101000_01100101_01101110_00100000_01100011_01101111_01101110_01110100_01101001_01101110_01110101_01100101_00100000_01100101_01101100_01110011_01100101_00100000_01100110_01100101_01110100_01100011_'
Warning in line 6: overwriting '0000000000001111' with '0000000000101100' at mapper[0011]
Info: Mapper location 17 set to value '0000000000101100'
Info: line -1 - symbol[002C] <= '01110100_01110010_01100001_01100011_01100101_00101000_01100110_01110010_01101111_01101101_01011111_01101101_01101001_01100011_01110010_01101111_01100011_01101111_01100100_01100101_00101001_00101100_00100000_01100100_01101001_01110010_01100101_01100011_01110100_01000010_01111001_01110100_'
Info: line -1 - symbol[002D] <= '01101001_01100110_00100000_01010011_01010110_01010000_01011111_01001001_01001110_01011111_01001001_01001110_01010000_01001100_01001001_01001110_01000101_00100000_01110100_01101000_01100101_01101110_00100000_01110011_01100001_01110110_01100101_01011111_01100010_01110000_00111011_00100000_'
Info: line -1 - symbol[002E] <= '01110000_01110100_01110010_01011111_01100101_01111000_01100011_00111010_00100000_01010011_01110110_01010000_01110100_00100000_00111100_00111101_00100000_01000010_01010000_00101100_00100000_01000010_01010000_00100000_00111100_00111101_00100000_01010011_01110110_01010000_01110100_00101100_'
Warning in line 6: overwriting '0000000000001111' with '0000000000101111' at mapper[0012]
Info: Mapper location 18 set to value '0000000000101111'
Info: line -1 - symbol[002F] <= '01110100_01110010_01100001_01100011_01100101_00101000_01100110_01110010_01101111_01101101_01011111_01101101_01101001_01100011_01110010_01101111_01100011_01101111_01100100_01100101_00101001_00101100_00100000_01100100_01101001_01110010_01100101_01100011_01110100_01000010_01111001_01110100_'
Info: line -1 - symbol[0030] <= '01010110_01100001_01110010_01110011_00100000_00111100_00111101_00100000_01101001_01101110_01100100_01100101_01111000_01000110_01110010_01101111_01101101_01000101_01111000_01110000_01010011_01110100_01100001_01100011_01101011_00101100_00100000_01101001_01100110_00100000_01010011_01010100_'
Info: line -1 - symbol[0031] <= '01010100_00100000_00111100_00111101_00100000_01100110_01110010_01101111_01101101_01011111_01110110_01100001_01110010_01110011_00101100_00100000_01000101_01111000_01110000_01010011_01110100_01100001_01100011_01101011_00100000_00111100_00111101_00100000_01110000_01101111_01110000_00110001_'
Info: line -1 - symbol[0032] <= '01000101_01111000_01110000_01010011_01110100_01100001_01100011_01101011_00100000_00111100_00111101_00100000_01110000_01110101_01110011_01101000_01011111_01010100_01010111_01101111_01110010_01100100_00101100_00100000_01101001_01100110_00100000_01100110_01100001_01101100_01110011_01100101_'
Warning in line 6: overwriting '0000000000001111' with '0000000000110011' at mapper[0013]
Info: Mapper location 19 set to value '0000000000110011'
Info: line -1 - symbol[0033] <= '01110100_01110010_01100001_01100011_01100101_00101000_01100110_01110010_01101111_01101101_01011111_01101101_01101001_01100011_01110010_01101111_01100011_01101111_01100100_01100101_00101001_00101100_00100000_01100100_01101001_01110010_01100101_01100011_01110100_01000010_01111001_01110100_'
Info: line -1 - symbol[0034] <= '01101001_01100110_00100000_01010011_01010100_01000001_01000011_01001011_01011111_01001001_01010011_01011111_01000101_01001101_01010000_01010100_01011001_00100000_01110100_01101000_01100101_01101110_00100000_01000101_01010011_01010100_01000001_01000011_01001011_01011111_01000101_01010010_'
Info: line -1 - symbol[0035] <= '01010100_00100000_00111100_00111101_00100000_01000101_01111000_01110000_01010011_01110100_01100001_01100011_01101011_00101100_00100000_01000101_01111000_01110000_01010011_01110100_01100001_01100011_01101011_00100000_00111100_00111101_00100000_01110000_01101111_01110000_00110010_00111011_'
Info: line -1 - symbol[0036] <= '01101001_01100110_00100000_01010011_01010100_01000001_01000011_01001011_01011111_01001001_01010011_01011111_01000101_01001101_01010000_01010100_01011001_00100000_01110100_01101000_01100101_01101110_00100000_01000101_01010011_01010100_01000001_01000011_01001011_01011111_01000101_01010010_'
Info: line -1 - symbol[0037] <= '01010110_01100001_01110010_01110011_00100000_00111100_00111101_00100000_01101001_01101110_01100100_01100101_01111000_01000110_01110010_01101111_01101101_01000101_01111000_01110000_01010011_01110100_01100001_01100011_01101011_00101100_00100000_01000101_01111000_01110000_01010011_01110100_'
Info: line -1 - symbol[0038] <= '01010110_01100001_01110010_01110011_00100000_00111100_00111101_00100000_01010100_00101100_00100000_01101001_01100110_00100000_01100110_01100001_01101100_01110011_01100101_00100000_01110100_01101000_01100101_01101110_00100000_01100011_01101111_01101110_01110100_01101001_01101110_01110101_'
Warning in line 6: overwriting '0000000000001111' with '0000000000111001' at mapper[0014]
Info: Mapper location 20 set to value '0000000000111001'
Info: line -1 - symbol[0039] <= '01110100_01110010_01100001_01100011_01100101_00101000_01100110_01110010_01101111_01101101_01011111_01101101_01101001_01100011_01110010_01101111_01100011_01101111_01100100_01100101_00101001_00101100_00100000_01100100_01101001_01110010_01100101_01100011_01110100_01000010_01111001_01110100_'
Info: line -1 - symbol[003A] <= '01101001_01100110_00100000_01001001_01010011_01011111_01010010_01010101_01001110_01001101_01001111_01000100_01000101_00100000_01110100_01101000_01100101_01101110_00100000_01101110_01100101_01111000_01110100_00100000_01100101_01101100_01110011_01100101_00100000_01001001_01001110_01010100_'
Info: line -1 - symbol[003B] <= '01101001_01100110_00100000_01010011_01010100_01000001_01000011_01001011_01011111_01001001_01010011_01011111_01000110_01010101_01001100_01001100_00100000_01110100_01101000_01100101_01101110_00100000_01000010_01010011_01010100_01000001_01000011_01001011_01011111_01000101_01010010_01010010_'
Info: line -1 - symbol[003C] <= '01000010_01100001_01110011_01010011_01110100_01100001_01100011_01101011_00100000_00111100_00111101_00100000_01110000_01110101_01110011_01101000_01011111_01001100_01101001_01101110_01101111_01011111_01100001_01101110_01100100_01011111_01000010_01010000_00101100_00100000_01101001_01100110_'
Warning in line 6: overwriting '0000000000001111' with '0000000000111101' at mapper[0015]
Info: Mapper location 21 set to value '0000000000111101'
Info: line -1 - symbol[003D] <= '01110100_01110010_01100001_01100011_01100101_00101000_01100110_01110010_01101111_01101101_01011111_01101101_01101001_01100011_01110010_01101111_01100011_01101111_01100100_01100101_00101001_00101100_00100000_01100100_01101001_01110010_01100101_01100011_01110100_01000010_01111001_01110100_'
Info: line -1 - symbol[003E] <= '01101001_01100110_00100000_01001001_01010011_01011111_01010010_01010101_01001110_01001101_01001111_01000100_01000101_00100000_01110100_01101000_01100101_01101110_00100000_01101110_01100101_01111000_01110100_00100000_01100101_01101100_01110011_01100101_00100000_01001001_01001110_01010100_'
Info: line -1 - symbol[003F] <= '01101001_01100110_00100000_01010011_01010100_01000001_01000011_01001011_01011111_01001001_01010011_01011111_01000101_01001101_01010000_01010100_01011001_00100000_01110100_01101000_01100101_01101110_00100000_01000010_01010011_01010100_01000001_01000011_01001011_01011111_01000101_01010010_'
Info: line -1 - symbol[0040] <= '01010100_00100000_00111100_00111101_00100000_01000010_01100001_01110011_01010011_01110100_01100001_01100011_01101011_01011111_01001000_01101001_00111011_00100000_00100000_00100000_00100000_00100000_00100000_00100000_00100000_00100000_00100000_00100000_00100000_00100000_00100000_00100000_'
Info: line -1 - symbol[0041] <= '01001100_01101001_01101110_01101111_00100000_00111100_00111101_00100000_01010100_00101100_00100000_01010100_00100000_00111100_00111101_00100000_01000010_01100001_01110011_01010011_01110100_01100001_01100011_01101011_01011111_01001100_01101111_00111011_00100000_00100000_00100000_00100000_'
Info: line -1 - symbol[0042] <= '01000010_01010000_00100000_00111100_00111101_00100000_01010100_00101100_00100000_01000010_01100001_01110011_01010011_01110100_01100001_01100011_01101011_00100000_00111100_00111101_00100000_01110000_01101111_01110000_00101100_00100000_01101001_01100110_00100000_01100110_01100001_01101100_'
Warning in line 6: overwriting '0000000000001111' with '0000000001000011' at mapper[0016]
Info: Mapper location 22 set to value '0000000001000011'
Info: line -1 - symbol[0043] <= '01110100_01110010_01100001_01100011_01100101_00101000_01100110_01110010_01101111_01101101_01011111_01101101_01101001_01100011_01110010_01101111_01100011_01101111_01100100_01100101_00101001_00101100_00100000_01100100_01101001_01110010_01100101_01100011_01110100_01000010_01111001_01110100_'
Info: line -1 - symbol[0044] <= '01001001_01001100_01011111_01010000_01000011_00100000_00111100_00111101_00100000_01011000_01010001_01101000_01100101_01110010_01100101_00101100_00100000_01101001_01100110_00100000_01010011_01010100_01000001_01000011_01001011_01011111_01001001_01010011_01011111_01000101_01001101_01010000_'
Info: line -1 - symbol[0045] <= '01100001_01101100_01110101_00100000_00111100_00111101_00100000_01010010_01011111_01100110_01110010_01101111_01101101_01010011_01110100_01100001_01100011_01101011_00101100_00100000_01000101_01111000_01110000_01010011_01110100_01100001_01100011_01101011_00100000_00111100_00111101_00100000_'
Info: line -1 - symbol[0046] <= '01010100_00100000_00111100_00111101_00100000_01100110_01110010_01101111_01101101_01011111_01010010_00111011_00100000_00100000_00100000_00100000_00100000_00100000_00100000_00100000_00100000_00100000_00100000_00100000_00100000_00100000_00100000_00100000_00100000_00100000_00100000_00100000_'
Info: line -1 - symbol[0047] <= '01001100_01101001_01101110_01101111_00100000_00111100_00111101_00100000_01010100_00101100_00100000_01101001_01100110_00100000_01010010_01011111_01001001_01010011_01011111_01011010_01000101_01010010_01001111_00100000_01110100_01101000_01100101_01101110_00100000_01001110_01001111_01010000_'
Info: line -1 - symbol[0048] <= '01110100_01110010_01100001_01100011_01100101_00101000_01100110_01110010_01101111_01101101_01011111_01101101_01101001_01100011_01110010_01101111_01100011_01101111_01100100_01100101_00101001_00101100_00100000_01100100_01101001_01110010_01100101_01100011_01110100_01000010_01111001_01110100_'
Info: line -1 - symbol[0049] <= '01101001_01100110_00100000_01000011_01000001_01000011_01001000_01000101_01011111_01010110_01000001_01001100_01001001_01000100_00100000_01110100_01101000_01100101_01101110_00100000_01100111_01101111_01011111_01100011_01110110_01100001_01101100_01101001_01100100_00111011_00100000_00100000_'
Info: line -1 - symbol[004A] <= '01100110_01101001_01101110_01100100_01001100_01101001_01101110_01101111_00101000_00101001_00111011_00100000_00100000_00100000_00100000_00100000_00100000_00100000_00100000_00100000_00100000_00100000_00100000_00100000_00100000_00100000_00100000_00100000_00100000_00100000_00100000_00100000_'
Info: line -1 - symbol[004B] <= '01100001_01101100_01110101_00100000_00111100_00111101_00100000_01100011_01100001_01100011_01101000_01100101_01011111_01110011_01110100_01101111_01110010_01100101_00101100_00100000_01101001_01100110_00100000_01100110_01100001_01101100_01110011_01100101_00100000_01110100_01101000_01100101_'
Info: line -1 - symbol[004C] <= '01100111_01101111_01011111_01100011_01110110_01100001_01101100_01101001_01100100_00111010_00100000_01010100_00100000_00111100_00111101_00100000_01000011_01100001_01100011_01101000_01100101_01011111_01000100_01100001_01110100_01100001_00101100_00100000_01101001_01100110_00100000_01000011_'
Info: line -1 - symbol[004D] <= '01000010_01010000_00100000_00111100_00111101_00100000_01010100_00101100_00100000_01101001_01100110_00100000_01100110_01100001_01101100_01110011_01100101_00100000_01110100_01101000_01100101_01101110_00100000_01100011_01101111_01101110_01110100_01101001_01101110_01110101_01100101_00100000_'
Info: line -1 - symbol[004E] <= '01100111_01101111_01011111_01100011_01101101_01101001_01110011_01110011_00111010_00100000_01100110_01101001_01101110_01100100_01001100_01101001_01101110_01101111_00101000_00101001_00111011_00100000_00100000_00100000_00100000_00100000_00100000_00100000_00100000_00100000_00100000_00100000_'
Info: line -1 - symbol[004F] <= '01101001_01100110_00100000_01100110_01100001_01101100_01110011_01100101_00100000_01110100_01101000_01100101_01101110_00100000_01100011_01101111_01101110_01110100_01101001_01101110_01110101_01100101_00100000_01100101_01101100_01110011_01100101_00100000_01100110_01100101_01110100_01100011_'
Info: line -1 - symbol[0050] <= '01100110_01101001_01101110_01100100_01001100_01101001_01101110_01101111_00111010_00100000_01010100_00100000_00111100_00111101_00100000_01010000_01110010_01101111_01100111_01011111_01110011_01110100_01100001_01110010_01110100_00111011_00100000_00100000_00100000_00100000_00100000_00100000_'
Info: line -1 - symbol[0051] <= '01100111_01101111_01011111_01110011_01100101_01100001_01110010_01100011_01101000_00111010_00100000_01100001_01101100_01110101_00100000_00111100_00111101_00100000_01110010_01100101_01110011_01100101_01110100_00110001_00101100_00100000_01110010_01100101_01100001_01100100_01000011_01101111_'
Info: line -1 - symbol[0052] <= '01100001_01101100_01110101_00100000_00111100_00111101_00100000_01010010_01111000_00110010_00110101_00110110_01011111_01110000_01101100_01110101_01110011_01011111_01001101_01000100_01010010_00101100_00100000_01010100_00100000_00111100_00111101_00100000_01101001_01101110_01100011_00111011_'
Info: line -1 - symbol[0053] <= '01100001_01101100_01110101_00100000_00111100_00111101_00100000_01010011_01011111_01100110_01110010_01101111_01101101_01001100_01101001_01101110_01101111_00101100_00100000_01110010_01100101_01100001_01100100_01000011_01101111_01110010_01100101_00101000_01010100_00101001_00111011_00100000_'
Info: line -1 - symbol[0054] <= '01100001_01101100_01110101_00100000_00111100_00111101_00100000_01010010_01111000_00110010_00110101_00110110_01011111_01110000_01101100_01110101_01110011_01011111_01001101_01000100_01010010_00101100_00100000_01010100_00100000_00111100_00111101_00100000_01101001_01101110_01100011_00111011_'
Info: line -1 - symbol[0055] <= '01100001_01101100_01110101_00100000_00111100_00111101_00100000_01010011_01011111_01101101_01101001_01101110_01110101_01110011_01011111_01010010_00101100_00100000_01101001_01100110_00100000_01010010_01011111_01001001_01010011_01011111_01011010_01000101_01010010_01001111_00100000_01110100_'
Info: line -1 - symbol[0056] <= '01000010_01010000_00100000_00111100_00111101_00100000_01010100_00101100_00100000_01101001_01100110_00100000_01011001_01011111_01011010_01000101_01010010_01001111_00100000_01110100_01101000_01100101_01101110_00100000_01110010_01100101_01110100_01110101_01110010_01101110_00111011_00100000_'
Info: line -1 - symbol[0057] <= '01100110_01101001_01101110_01100100_01001110_01100101_01111000_01110100_01000011_01010010_00101000_01110011_01100001_01101101_01100101_00101001_00111011_00100000_00100000_00100000_00100000_00100000_00100000_00100000_00100000_00100000_00100000_00100000_00100000_00100000_00100000_00100000_'
Info: line -1 - symbol[0058] <= '01010100_00100000_00111100_00111101_00100000_01101001_01101110_01100011_00101100_00100000_01101001_01100110_00100000_01100110_01100001_01101100_01110011_01100101_00100000_01110100_01101000_01100101_01101110_00100000_01100011_01101111_01101110_01110100_01101001_01101110_01110101_01100101_'
Warning in line 6: overwriting '0000000000001111' with '0000000001011001' at mapper[0017]
Info: Mapper location 23 set to value '0000000001011001'
Info: line -1 - symbol[0059] <= '01110100_01110010_01100001_01100011_01100101_00101000_01100110_01110010_01101111_01101101_01011111_01101101_01101001_01100011_01110010_01101111_01100011_01101111_01100100_01100101_00101001_00101100_00100000_01100100_01101001_01110010_01100101_01100011_01110100_01000010_01111001_01110100_'
Info: line -1 - symbol[005A] <= '01100001_01101100_01110101_00100000_00111100_00111101_00100000_01010010_01011111_01100110_01110010_01101111_01101101_01010011_01110100_01100001_01100011_01101011_00101100_00100000_01101001_01100110_00100000_01010011_01010100_01000001_01000011_01001011_01011111_01001001_01010011_01011111_'
Info: line -1 - symbol[005B] <= '01000101_01111000_01110000_01010011_01110100_01100001_01100011_01101011_00100000_00111100_00111101_00100000_01110000_01101111_01110000_00110010_00111011_00100000_00100000_00100000_00100000_00100000_00100000_00100000_00100000_00100000_00100000_00100000_00100000_00100000_00100000_00100000_'
Info: line -1 - symbol[005C] <= '01100001_01101100_01110101_00100000_00111100_00111101_00100000_01101110_01100101_01100111_01011111_01010010_00101100_00100000_01101001_01100110_00100000_01000001_01001100_01010101_01011111_01010010_01000101_01000001_01000100_01011001_00100000_01110100_01101000_01100101_01101110_00100000_'
Warning in line 6: overwriting '0000000000001111' with '0000000001011101' at mapper[0018]
Info: Mapper location 24 set to value '0000000001011101'
Info: line -1 - symbol[005D] <= '01110100_01110010_01100001_01100011_01100101_00101000_01100110_01110010_01101111_01101101_01011111_01101101_01101001_01100011_01110010_01101111_01100011_01101111_01100100_01100101_00101001_00101100_00100000_01100100_01101001_01110010_01100101_01100011_01110100_01000010_01111001_01110100_'
Info: line -1 - symbol[005E] <= '01110000_01110101_01101100_01101100_01010010_01010011_00101000_00101001_00111011_00100000_00100000_00100000_00100000_00100000_00100000_00100000_00100000_00100000_00100000_00100000_00100000_00100000_00100000_00100000_00100000_00100000_00100000_00100000_00100000_00100000_00100000_00100000_'
Info: line -1 - symbol[005F] <= '01100001_01101100_01110101_00100000_00111100_00111101_00100000_01010011_01011111_01110000_01101100_01110101_01110011_01011111_01010010_00101100_00100000_01101001_01100110_00100000_01000001_01001100_01010101_01011111_01010010_01000101_01000001_01000100_01011001_00100000_01110100_01101000_'
Info: line -1 - symbol[0060] <= '01100001_01101100_01110101_01011111_01100100_01101111_01101110_01100101_00111010_00100000_01110100_01110010_01100001_01100011_01100101_01000001_01001100_01010101_00101000_00101001_00111011_00100000_00100000_00100000_00100000_00100000_00100000_00100000_00100000_00100000_00100000_00100000_'
Info: line -1 - symbol[0061] <= '01010100_00100000_00111100_00111101_00100000_01100110_01110010_01101111_01101101_01011111_01011001_01001100_01101111_00101100_00100000_01101001_01100110_00100000_01000001_01001100_01010101_01011111_01001111_01010110_01000101_01010010_01000110_01001100_01001111_01010111_00100000_01110100_'
Info: line -1 - symbol[0062] <= '01000101_01111000_01110000_01010011_01110100_01100001_01100011_01101011_00100000_00111100_00111101_00100000_01110000_01110101_01110011_01101000_01011111_01010100_01010111_01101111_01110010_01100100_00101100_00100000_01101001_01100110_00100000_01100110_01100001_01101100_01110011_01100101_'
Warning in line 6: overwriting '0000000000001111' with '0000000001100011' at mapper[0019]
Info: Mapper location 25 set to value '0000000001100011'
Info: line -1 - symbol[0063] <= '01110100_01110010_01100001_01100011_01100101_00101000_01100110_01110010_01101111_01101101_01011111_01101101_01101001_01100011_01110010_01101111_01100011_01101111_01100100_01100101_00101001_00101100_00100000_01100100_01101001_01110010_01100101_01100011_01110100_01000010_01111001_01110100_'
Info: line -1 - symbol[0064] <= '01110000_01110101_01101100_01101100_01010010_01010011_00101000_00101001_00111011_00100000_00100000_00100000_00100000_00100000_00100000_00100000_00100000_00100000_00100000_00100000_00100000_00100000_00100000_00100000_00100000_00100000_00100000_00100000_00100000_00100000_00100000_00100000_'
Info: line -1 - symbol[0065] <= '01100001_01101100_01110101_00100000_00111100_00111101_00100000_01010011_01011111_01101101_01101001_01101110_01110101_01110011_01011111_01010010_00101100_00100000_01101001_01100110_00100000_01000001_01001100_01010101_01011111_01010010_01000101_01000001_01000100_01011001_00100000_01110100_'
Warning in line 6: overwriting '0000000000001111' with '0000000001100110' at mapper[001A]
Info: Mapper location 26 set to value '0000000001100110'
Info: line -1 - symbol[0066] <= '01110100_01110010_01100001_01100011_01100101_00101000_01100110_01110010_01101111_01101101_01011111_01101101_01101001_01100011_01110010_01101111_01100011_01101111_01100100_01100101_00101001_00101100_00100000_01100100_01101001_01110010_01100101_01100011_01110100_01000010_01111001_01110100_'
Info: line -1 - symbol[0067] <= '01110000_01110101_01101100_01101100_01010010_01010011_00101000_00101001_00111011_00100000_00100000_00100000_00100000_00100000_00100000_00100000_00100000_00100000_00100000_00100000_00100000_00100000_00100000_00100000_00100000_00100000_00100000_00100000_00100000_00100000_00100000_00100000_'
Info: line -1 - symbol[0068] <= '01100001_01101100_01110101_00100000_00111100_00111101_00100000_01010011_01011111_01101101_01110101_01101100_01011111_01010010_00101100_00100000_01101001_01100110_00100000_01000001_01001100_01010101_01011111_01010010_01000101_01000001_01000100_01011001_00100000_01110100_01101000_01100101_'
Warning in line 6: overwriting '0000000000001111' with '0000000001101001' at mapper[001B]
Info: Mapper location 27 set to value '0000000001101001'
Info: line -1 - symbol[0069] <= '01110100_01110010_01100001_01100011_01100101_00101000_01100110_01110010_01101111_01101101_01011111_01101101_01101001_01100011_01110010_01101111_01100011_01101111_01100100_01100101_00101001_00101100_00100000_01100100_01101001_01110010_01100101_01100011_01110100_01000010_01111001_01110100_'
Info: line -1 - symbol[006A] <= '01110000_01110101_01101100_01101100_01010010_01010011_00101000_00101001_00111011_00100000_00100000_00100000_00100000_00100000_00100000_00100000_00100000_00100000_00100000_00100000_00100000_00100000_00100000_00100000_00100000_00100000_00100000_00100000_00100000_00100000_00100000_00100000_'
Info: line -1 - symbol[006B] <= '01100001_01101100_01110101_00100000_00111100_00111101_00100000_01100100_01101001_01110110_01011111_01110011_01110100_01100001_01110010_01110100_00101100_00100000_01101001_01100110_00100000_01010010_01011111_01001001_01010011_01011111_01011010_01000101_01010010_01001111_00100000_01110100_'
Info: line -1 - symbol[006C] <= '01100100_01101001_01110110_01011111_01101100_01101111_01101111_01110000_00111010_00100000_01100001_01101100_01110101_00100000_00111100_00111101_00100000_01100100_01101001_01110110_01011111_01110011_01101000_01101001_01100110_01110100_00111011_00100000_00100000_00100000_00100000_00100000_'
Info: line -1 - symbol[006D] <= '01101001_01100110_00100000_01000001_01001100_01010101_01011111_01010010_01000101_01000001_01000100_01011001_00100000_01110100_01101000_01100101_01101110_00100000_01100100_01101001_01110110_01011111_01100100_01101111_01101110_01100101_00111011_00100000_00100000_00100000_00100000_00100000_'
Info: line -1 - symbol[006E] <= '01100001_01101100_01110101_00100000_00111100_00111101_00100000_01100100_01101001_01110110_01011111_01110011_01110101_01100010_01110011_01100101_01110100_00101100_00100000_01101001_01100110_00100000_01100110_01100001_01101100_01110011_01100101_00100000_01110100_01101000_01100101_01101110_'
Info: line -1 - symbol[006F] <= '01100100_01101001_01110110_01011111_01100100_01101111_01101110_01100101_00111010_00100000_01100001_01101100_01110101_00100000_00111100_00111101_00100000_01100100_01101001_01110110_01011111_01100101_01101110_01100100_00101100_00100000_01101001_01100110_00100000_01100110_01100001_01101100_'
Warning in line 6: overwriting '0000000000001111' with '0000000001110000' at mapper[001C]
Info: Mapper location 28 set to value '0000000001110000'
Info: line -1 - symbol[0070] <= '01110100_01110010_01100001_01100011_01100101_00101000_01100110_01110010_01101111_01101101_01011111_01101101_01101001_01100011_01110010_01101111_01100011_01101111_01100100_01100101_00101001_00101100_00100000_01100100_01101001_01110010_01100101_01100011_01110100_01000010_01111001_01110100_'
Info: line -1 - symbol[0071] <= '01100001_01101100_01110101_00100000_00111100_00111101_00100000_01010010_01011111_01100110_01110010_01101111_01101101_01010011_01110100_01100001_01100011_01101011_00101100_00100000_01000101_01111000_01110000_01010011_01110100_01100001_01100011_01101011_00100000_00111100_00111101_00100000_'
Info: line -1 - symbol[0072] <= '01000101_01111000_01110000_01010011_01110100_01100001_01100011_01101011_00100000_00111100_00111101_00100000_01110000_01110101_01110011_01101000_01011111_01010100_01000010_01111001_01110100_01100101_00111011_00100000_00100000_00100000_00100000_00100000_00100000_00100000_00100000_00100000_'
Info: line -1 - symbol[0073] <= '01010100_00100000_00111100_00111101_00100000_01000101_01111000_01110000_01010011_01110100_01100001_01100011_01101011_00101100_00100000_01000101_01111000_01110000_01010011_01110100_01100001_01100011_01101011_00100000_00111100_00111101_00100000_01110000_01101111_01110000_00110010_00111011_'
Info: line -1 - symbol[0074] <= '01100001_01101100_01110101_00100000_00111100_00111101_00100000_01010011_01011111_01100110_01110010_01101111_01101101_01010011_01110100_01100001_01100011_01101011_00101100_00100000_01000101_01111000_01110000_01010011_01110100_01100001_01100011_01101011_00100000_00111100_00111101_00100000_'
Info: line -1 - symbol[0075] <= '01101001_01100110_00100000_01000011_01010000_01011111_01010011_01001011_01001001_01010000_00100000_01110100_01101000_01100101_01101110_00100000_01101110_01100101_01111000_01110100_00100000_01100101_01101100_01110011_01100101_00100000_01100110_01100101_01110100_01100011_01101000_00111011_'
Info: line -1 - symbol[0076] <= '01001001_01001100_01011111_01010000_01000011_00100000_00111100_00111101_00100000_01101001_01101110_01100011_00101100_00100000_01101001_01100110_00100000_01100110_01100001_01101100_01110011_01100101_00100000_01110100_01101000_01100101_01101110_00100000_01100011_01101111_01101110_01110100_'
Warning in line 6: overwriting '0000000000001111' with '0000000001110111' at mapper[001D]
Info: Mapper location 29 set to value '0000000001110111'
Info: line -1 - symbol[0077] <= '01110100_01110010_01100001_01100011_01100101_00101000_01100110_01110010_01101111_01101101_01011111_01101101_01101001_01100011_01110010_01101111_01100011_01101111_01100100_01100101_00101001_00101100_00100000_01100100_01101001_01110010_01100101_01100011_01110100_01000010_01111001_01110100_'
Info: line -1 - symbol[0078] <= '01010100_00100000_00111100_00111101_00100000_01111010_01100101_01110010_01101111_00101100_00100000_01101001_01100110_00100000_01001001_01010011_01011111_01010010_01010101_01001110_01001101_01001111_01000100_01000101_00100000_01110100_01101000_01100101_01101110_00100000_01101110_01111000_'
Info: line -1 - symbol[0079] <= '01001001_01001100_01011111_01010000_01000011_00100000_00111100_00111101_00100000_01010100_00101100_00100000_01101001_01100110_00100000_01100110_01100001_01101100_01110011_01100101_00100000_01110100_01101000_01100101_01101110_00100000_01100011_01101111_01101110_01110100_01101001_01101110_'
Info: line -1 - symbol[007A] <= '01101110_01111000_01011111_01110010_01110101_01101110_00111010_00100000_01100110_01101001_01101110_01100100_01001110_01100101_01111000_01110100_01000011_01010010_00101000_01000010_01010000_00101001_00111011_00100000_00100000_00100000_00100000_00100000_00100000_00100000_00100000_00100000_'
Info: line -1 - symbol[007B] <= '01010100_00100000_00111100_00111101_00100000_01101001_01101110_01100011_00111011_00100000_00100000_00100000_00100000_00100000_00100000_00100000_00100000_00100000_00100000_00100000_00100000_00100000_00100000_00100000_00100000_00100000_00100000_00100000_00100000_00100000_00100000_00100000_'
Info: line -1 - symbol[007C] <= '01000010_01010000_00100000_00111100_00111101_00100000_01010100_00111011_00100000_00100000_00100000_00100000_00100000_00100000_00100000_00100000_00100000_00100000_00100000_00100000_00100000_00100000_00100000_00100000_00100000_00100000_00100000_00100000_00100000_00100000_00100000_00100000_'
Info: line -1 - symbol[007D] <= '01110010_01100101_01100001_01100100_01000011_01101111_01110010_01100101_00110001_00110110_00101000_01000010_01010000_00101001_00111011_00100000_00100000_00100000_00100000_00100000_00100000_00100000_00100000_00100000_00100000_00100000_00100000_00100000_00100000_00100000_00100000_00100000_'
Info: line -1 - symbol[007E] <= '01000010_01010000_00100000_00111100_00111101_00100000_01010100_00101100_00100000_01010100_00100000_00111100_00111101_00100000_01100110_01110010_01101111_01101101_01011111_01010010_00101100_00100000_01101001_01100110_00100000_01010010_01011111_01001001_01010011_01011111_01011010_01000101_'
Info: line -1 - symbol[007F] <= '01001100_01101001_01101110_01101111_00100000_00111100_00111101_00100000_01010100_00101100_00100000_01001001_01001100_01011111_01010000_01000011_00100000_00111100_00111101_00100000_01011000_01010001_01101000_01100101_01110010_01100101_00111011_00100000_00100000_00100000_00100000_00100000_'
Info: line -1 - symbol[0080] <= '01110100_01110010_01100001_01100011_01100101_00101000_01100110_01110010_01101111_01101101_01011111_01101101_01101001_01100011_01110010_01101111_01100011_01101111_01100100_01100101_00101001_00101100_00100000_01100100_01101001_01110010_01100101_01100011_01110100_01000010_01111001_01110100_'
Info: line -1 - symbol[0081] <= '01110100_01110010_01100001_01100011_01100101_01000010_01010000_00101000_00101001_00111011_00100000_00100000_00100000_00100000_00100000_00100000_00100000_00100000_00100000_00100000_00100000_00100000_00100000_00100000_00100000_00100000_00100000_00100000_00100000_00100000_00100000_00100000_'
Info: line -1 - symbol[0082] <= '01101001_01100110_00100000_01001011_01000010_01000100_01011111_01000010_01010010_01000101_01000001_01001011_00100000_01110100_01101000_01100101_01101110_00100000_01000010_01010010_01000101_01000001_01001011_00100000_01100101_01101100_01110011_01100101_00100000_01100110_01100101_01110100_'
Info: line -1 - symbol[0083] <= '01101110_01111000_01011111_01100101_01110010_01110010_00111010_00100000_01100100_01101001_01110010_01100101_01100011_01110100_01000010_01111001_01110100_01100101_00100000_00111101_00100000_00110000_01111000_00110000_00110111_00101100_00100000_01101111_01110101_01110100_01000011_01101000_'
Info: line -1 - symbol[0084] <= '01101001_01100110_00100000_01100110_01100001_01101100_01110011_01100101_00100000_01110100_01101000_01100101_01101110_00100000_01100011_01101111_01101110_01110100_01101001_01101110_01110101_01100101_00100000_01100101_01101100_01110011_01100101_00100000_01110011_01110100_01101111_01110000_'
Warning in line 6: overwriting '0000000000001111' with '0000000010000101' at mapper[001F]
Info: Mapper location 31 set to value '0000000010000101'
Info: line -1 - symbol[0085] <= '01110100_01110010_01100001_01100011_01100101_00101000_01100110_01110010_01101111_01101101_01011111_01101101_01101001_01100011_01110010_01101111_01100011_01101111_01100100_01100101_00101001_00101100_00100000_01100100_01101001_01110010_01100101_01100011_01110100_01000010_01111001_01110100_'
Info: line -1 - symbol[0086] <= '01100001_01101100_01110101_00100000_00111100_00111101_00100000_01110010_01100101_01110011_01100101_01110100_00110001_00101100_00100000_01101001_01100110_00100000_01001001_01010011_01011111_01010010_01010101_01001110_01001101_01001111_01000100_01000101_00100000_01110100_01101000_01100101_'
Info: line -1 - symbol[0087] <= '01101100_01110011_01011111_01110000_01100001_01110010_01101100_01101111_01100001_01100100_00111010_00100000_01010100_00100000_00111100_00111101_00100000_01100110_01110010_01101111_01101101_01011111_01010010_00101100_00100000_01101001_01100110_00100000_01010011_01010100_01000001_01000011_'
Info: line -1 - symbol[0088] <= '01100001_01101100_01110101_00100000_00111100_00111101_00100000_01010011_01011111_01100110_01110010_01101111_01101101_01010100_00111011_00100000_00100000_00100000_00100000_00100000_00100000_00100000_00100000_00100000_00100000_00100000_00100000_00100000_00100000_00100000_00100000_00100000_'
Info: line -1 - symbol[0089] <= '01100001_01101100_01110101_00100000_00111100_00111101_00100000_01010010_01011111_01100110_01110010_01101111_01101101_01010011_01110100_01100001_01100011_01101011_00101100_00100000_01000101_01111000_01110000_01010011_01110100_01100001_01100011_01101011_00100000_00111100_00111101_00100000_'
Info: line -1 - symbol[008A] <= '01101100_01110011_01011111_01110000_01100001_01110010_01100011_01101000_01101011_00111010_00100000_01100001_01101100_01110101_00100000_00111100_00111101_00100000_01101100_01110011_01011111_01101100_01101111_01100001_01100100_00111011_00100000_00100000_00100000_00100000_00100000_00100000_'
Info: line -1 - symbol[008B] <= '01101001_01100110_00100000_01001100_01010011_01011111_01010000_01000001_01010010_01000001_01001101_01010011_01011111_01001111_01001011_00100000_01110100_01101000_01100101_01101110_00100000_01101110_01100101_01111000_01110100_00100000_01100101_01101100_01110011_01100101_00100000_01010011_'
Info: line -1 - symbol[008C] <= '01101100_01110011_01011111_01110011_01110100_01100001_01110010_01110100_00111010_00100000_01010100_00100000_00111100_00111101_00100000_01010000_01110010_01101111_01100111_01011111_01110011_01110100_01100001_01110010_01110100_00111011_00100000_00100000_00100000_00100000_00100000_00100000_'
Info: line -1 - symbol[008D] <= '01101100_01110011_01011111_01101100_01101001_01101110_01100101_01101100_01101111_01101111_01110000_00111010_00100000_01101001_01100110_00100000_01000011_01001000_01000001_01010010_01001001_01001110_01011111_01010010_01000101_01000001_01000100_01011001_00100000_01110100_01101000_01100101_'
Info: line -1 - symbol[008E] <= '01101001_01100110_00100000_01001011_01000010_01000100_01011111_01000010_01010010_01000101_01000001_01001011_00100000_01110100_01101000_01100101_01101110_00100000_01000010_01010010_01000101_01000001_01001011_00111011_00100000_00100000_00100000_00100000_00100000_00100000_00100000_00100000_'
Info: line -1 - symbol[008F] <= '01100111_01101111_01110100_01000011_01101000_01100001_01110010_00100000_00111101_00100000_00110001_00101100_00100000_01100100_01101001_01110010_01100101_01100011_01110100_01000010_01111001_01110100_01100101_00100000_00111101_00100000_00100111_00100000_00100111_00101100_00100000_01101001_'
Info: line -1 - symbol[0090] <= '01101100_01110011_01011111_01110000_01100001_01110101_01110011_01100101_00111010_00100000_01101001_01100110_00100000_01000011_01001000_01000001_01010010_01001001_01001110_01011111_01010010_01000101_01000001_01000100_01011001_00100000_01110100_01101000_01100101_01101110_00100000_01101110_'
Info: line -1 - symbol[0091] <= '01100111_01101111_01110100_01000011_01101000_01100001_01110010_00100000_00111101_00100000_00110001_00101100_00100000_01100100_01101001_01110010_01100101_01100011_01110100_01000010_01111001_01110100_01100101_00100000_00111101_00100000_00100111_00100000_00100111_00101100_00100000_01101001_'
Info: line -1 - symbol[0092] <= '01101100_01110011_01011111_01100011_01101111_01101110_01110100_01101001_01101110_01110101_01100101_00111010_00100000_01100111_01101111_01110100_01000011_01101000_01100001_01110010_00100000_00111101_00100000_00110001_00101100_00100000_01110010_01100101_01100001_01100100_01000011_01101111_'
Info: line -1 - symbol[0093] <= '01100001_01101100_01110101_00100000_00111100_00111101_00100000_01101100_01110011_01011111_01100011_01101000_01100101_01100011_01101011_00101100_00100000_01101001_01100110_00100000_01010010_01011111_01001001_01010011_01011111_01011010_01000101_01010010_01001111_00100000_01110100_01101000_'
Info: line -1 - symbol[0094] <= '01101001_01100110_00100000_01001100_01010011_01011111_01010000_01000001_01010011_01010011_01000101_01000100_01011111_01000101_01001110_01000100_00100000_01110100_01101000_01100101_01101110_00100000_01100110_01100101_01110100_01100011_01101000_00111011_00100000_00100000_00100000_00100000_'
Info: line -1 - symbol[0095] <= '01101001_01100110_00100000_01001100_01010011_01011111_01001001_01001110_01011111_01010010_01000001_01001110_01000111_01000101_00100000_01110100_01101000_01100101_01101110_00100000_01101110_01100101_01111000_01110100_00100000_01100101_01101100_01110011_01100101_00100000_01101100_01110011_'
Info: line -1 - symbol[0096] <= '01100001_01101100_01110101_00100000_00111100_00111101_00100000_01011001_01011111_01110011_01100001_01110110_01100101_00101100_00100000_01110000_01110010_01101001_01101110_01110100_01000100_01100101_01100011_01010010_00101000_00101001_00111011_00100000_00100000_00100000_00100000_00100000_'
Info: line -1 - symbol[0097] <= '01100001_01101100_01110101_00100000_00111100_00111101_00100000_01011001_01011111_01110010_01100101_01100011_01100001_01101100_01101100_00101100_00100000_01100100_01101001_01110010_01100101_01100011_01110100_01000010_01111001_01110100_01100101_00100000_00111101_00100000_00100111_00100000_'
Info: line -1 - symbol[0098] <= '01101100_01110011_01011111_01100011_01101000_01100001_01110010_01101100_01101111_01101111_01110000_00111010_00100000_01110010_01100101_01100001_01100100_01000011_01101111_01110010_01100101_00101000_01010100_00101001_00111011_00100000_00100000_00100000_00100000_00100000_00100000_00100000_'
Info: line -1 - symbol[0099] <= '01101111_01110101_01110100_01000011_01101000_01100001_01110010_00101000_01100110_01110010_01101111_01101101_01011111_01001101_01000100_01010010_00101001_00111011_00100000_00100000_00100000_00100000_00100000_00100000_00100000_00100000_00100000_00100000_00100000_00100000_00100000_00100000_'
Info: line -1 - symbol[009A] <= '01101100_01110011_01011111_01101110_01100101_01111000_01110100_01100011_01101000_01100001_01110010_00111010_00100000_01100100_01101001_01110010_01100101_01100011_01110100_01000010_01111001_01110100_01100101_00100000_00111101_00100000_00110000_01111000_00110000_01000100_00101100_00100000_'
Info: line -1 - symbol[009B] <= '01100100_01101001_01110010_01100101_01100011_01110100_01000010_01111001_01110100_01100101_00100000_00111101_00100000_00110000_01111000_00110000_01000001_00101100_00100000_01101111_01110101_01110100_01000011_01101000_01100001_01110010_00101000_01100110_01110010_01101111_01101101_01011111_'
Info: line -1 - symbol[009C] <= '01010100_00100000_00111100_00111101_00100000_01101001_01101110_01100011_00101100_00100000_01101001_01100110_00100000_01100110_01100001_01101100_01110011_01100101_00100000_01110100_01101000_01100101_01101110_00100000_01100011_01101111_01101110_01110100_01101001_01101110_01110101_01100101_'
Info: line -1 - symbol[009D] <= '01101100_01110011_01011111_01101110_01100101_01111000_01110100_00111010_00100000_01010100_00100000_00111100_00111101_00100000_01101001_01101110_01100011_00101100_00100000_01101001_01100110_00100000_01100110_01100001_01101100_01110011_01100101_00100000_01110100_01101000_01100101_01101110_'
Info: line -1 - symbol[009E] <= '01101100_01110011_01011111_01101110_01100101_01111000_01110100_01001100_01101001_01101110_01100101_00111010_00100000_01100110_01101001_01101110_01100100_01001110_01100101_01111000_01110100_01000011_01010010_00101000_01110011_01100001_01101101_01100101_00101001_00111011_00100000_00100000_'
Info: line -1 - symbol[009F] <= '01010100_00100000_00111100_00111101_00100000_01101001_01101110_01100011_00101100_00100000_01101001_01100110_00100000_01100110_01100001_01101100_01110011_01100101_00100000_01110100_01101000_01100101_01101110_00100000_01100011_01101111_01101110_01110100_01101001_01101110_01110101_01100101_'
Warning in line 6: overwriting '0000000000001111' with '0000000010100000' at mapper[0020]
Info: Mapper location 32 set to value '0000000010100000'
Info: line -1 - symbol[00A0] <= '01110100_01110010_01100001_01100011_01100101_00101000_01100110_01110010_01101111_01101101_01011111_01101101_01101001_01100011_01110010_01101111_01100011_01101111_01100100_01100101_00101001_00101100_00100000_01100100_01101001_01110010_01100101_01100011_01110100_01000010_01111001_01110100_'
Info: line -1 - symbol[00A1] <= '01101001_01100110_00100000_01010011_01010100_01000001_01000011_01001011_01011111_01001001_01010011_01011111_01000101_01001101_01010000_01010100_01011001_00100000_01110100_01101000_01100101_01101110_00100000_01000101_01010011_01010100_01000001_01000011_01001011_01011111_01000101_01010010_'
Info: line -1 - symbol[00A2] <= '01110000_01110010_01101001_01101110_01110100_01000100_01100101_01100011_00101000_00101001_00111011_00100000_00100000_00100000_00100000_00100000_00100000_00100000_00100000_00100000_00100000_00100000_00100000_00100000_00100000_00100000_00100000_00100000_00100000_00100000_00100000_00100000_'
Info: line -1 - symbol[00A3] <= '01101001_01100110_00100000_01100110_01100001_01101100_01110011_01100101_00100000_01110100_01101000_01100101_01101110_00100000_01100011_01101111_01101110_01110100_01101001_01101110_01110101_01100101_00100000_01100101_01101100_01110011_01100101_00100000_01100110_01100101_01110100_01100011_'
Warning in line 6: overwriting '0000000000001111' with '0000000010100100' at mapper[0021]
Info: Mapper location 33 set to value '0000000010100100'
Info: line -1 - symbol[00A4] <= '01110100_01110010_01100001_01100011_01100101_00101000_01100110_01110010_01101111_01101101_01011111_01101101_01101001_01100011_01110010_01101111_01100011_01101111_01100100_01100101_00101001_00101100_00100000_01100100_01101001_01110010_01100101_01100011_01110100_01000010_01111001_01110100_'
Info: line -1 - symbol[00A5] <= '01110000_01110001_01011111_01101100_01101111_01101111_01110000_00111010_00100000_01000010_01010000_00100000_00111100_00111101_00100000_01101001_01101110_01100011_00101100_00100000_01110010_01100101_01100001_01100100_01000011_01101111_01110010_01100101_00101000_01000010_01010000_00101001_'
Info: line -1 - symbol[00A6] <= '01100100_01101001_01110010_01100101_01100011_01110100_01000010_01111001_01110100_01100101_00100000_00111101_00100000_00100111_00100010_00100111_00101100_00100000_01101001_01100110_00100000_01001101_01000100_01010010_01011111_01000101_01010001_01010101_01011111_01000100_01000010_00100000_'
Info: line -1 - symbol[00A7] <= '01101111_01110101_01110100_01000011_01101000_01100001_01110010_00101000_01100110_01110010_01101111_01101101_01011111_01001101_01000100_01010010_00101001_00111011_00100000_00100000_00100000_00100000_00100000_00100000_00100000_00100000_00100000_00100000_00100000_00100000_00100000_00100000_'
Info: line -1 - symbol[00A8] <= '01110100_01110010_01100001_01100011_01100101_00101000_01100110_01110010_01101111_01101101_01011111_01101101_01101001_01100011_01110010_01101111_01100011_01101111_01100100_01100101_00101001_00101100_00100000_01100100_01101001_01110010_01100101_01100011_01110100_01000010_01111001_01110100_'
Info: line -1 - symbol[00A9] <= '01100100_01101001_01110010_01100101_01100011_01110100_01000010_01111001_01110100_01100101_00100000_00111101_00100000_00110000_01111000_00110000_01000100_00101100_00100000_01101001_01100110_00100000_01001101_01000100_01010010_01011111_01000101_01010001_01010101_01011111_01000100_01000010_'
Info: line -1 - symbol[00AA] <= '01110000_01110001_01011111_01100100_01101111_01101110_01100101_00111010_00100000_01110100_01110010_01100001_01100011_01100101_01000010_01010000_00101000_00101001_00111011_00100000_00100000_00100000_00100000_00100000_00100000_00100000_00100000_00100000_00100000_00100000_00100000_00100000_'
Info: line -1 - symbol[00AB] <= '01101001_01100110_00100000_01100110_01100001_01101100_01110011_01100101_00100000_01110100_01101000_01100101_01101110_00100000_01100011_01101111_01101110_01110100_01101001_01101110_01110101_01100101_00100000_01100101_01101100_01110011_01100101_00100000_01100110_01100101_01110100_01100011_'
Warning in line 6: overwriting '0000000000001111' with '0000000010101100' at mapper[0022]
Info: Mapper location 34 set to value '0000000010101100'
Info: line -1 - symbol[00AC] <= '01110100_01110010_01100001_01100011_01100101_00101000_01100110_01110010_01101111_01101101_01011111_01101101_01101001_01100011_01110010_01101111_01100011_01101111_01100100_01100101_00101001_00101100_00100000_01100100_01101001_01110010_01100101_01100011_01110100_01000010_01111001_01110100_'
Info: line -1 - symbol[00AD] <= '01110000_01110100_01011111_01101100_01101111_01101111_01110000_00111010_00100000_01101001_01100110_00100000_01000001_01010100_01011111_01010100_01000001_01000010_00100000_01110100_01101000_01100101_01101110_00100000_01100110_01100101_01110100_01100011_01101000_00111011_00100000_00100000_'
Info: line -1 - symbol[00AE] <= '01100100_01101001_01110010_01100101_01100011_01110100_01000010_01111001_01110100_01100101_00100000_00111101_00100000_00100111_00100000_00100111_00101100_00100000_01101111_01110101_01110100_01000011_01101000_01100001_01110010_00101000_01100110_01110010_01101111_01101101_01011111_01101101_'
Info: line -1 - symbol[00AF] <= '01101001_01100110_00100000_01100110_01100001_01101100_01110011_01100101_00100000_01110100_01101000_01100101_01101110_00100000_01100011_01101111_01101110_01110100_01101001_01101110_01110101_01100101_00100000_01100101_01101100_01110011_01100101_00100000_01110000_01110100_01011111_01101100_'
Warning in line 6: overwriting '0000000000001111' with '0000000010110000' at mapper[0023]
Info: Mapper location 35 set to value '0000000010110000'
Info: line -1 - symbol[00B0] <= '01110100_01110010_01100001_01100011_01100101_00101000_01100110_01110010_01101111_01101101_01011111_01101101_01101001_01100011_01110010_01101111_01100011_01101111_01100100_01100101_00101001_00101100_00100000_01100100_01101001_01110010_01100101_01100011_01110100_01000010_01111001_01110100_'
Info: line -1 - symbol[00B1] <= '01100011_01110010_01101100_01100110_01011111_01100110_01100101_01110100_01100011_01101000_00111010_00100000_01101111_01110101_01110100_01000011_01010010_01001100_01000110_00101000_00101001_00111011_00100000_00100000_00100000_00100000_00100000_00100000_00100000_00100000_00100000_00100000_'
Info: line -1 - symbol[00B2] <= '01101001_01100110_00100000_01100110_01100001_01101100_01110011_01100101_00100000_01110100_01101000_01100101_01101110_00100000_01100011_01101111_01101110_01110100_01101001_01101110_01110101_01100101_00100000_01100101_01101100_01110011_01100101_00100000_01100110_01100101_01110100_01100011_'
Warning in line 6: overwriting '0000000000001111' with '0000000010110011' at mapper[0024]
Info: Mapper location 36 set to value '0000000010110011'
Info: line -1 - symbol[00B3] <= '01110100_01110010_01100001_01100011_01100101_00101000_01100110_01110010_01101111_01101101_01011111_01101101_01101001_01100011_01110010_01101111_01100011_01101111_01100100_01100101_00101001_00101100_00100000_01100100_01101001_01110010_01100101_01100011_01110100_01000010_01111001_01110100_'
Info: line -1 - symbol[00B4] <= '01110000_01100011_01011111_01101100_01101111_01101111_01110000_00111010_00100000_01101111_01110101_01110100_01000011_01101000_01100001_01110010_00101000_01100110_01110010_01101111_01101101_01011111_01101001_01101110_01110100_01100101_01110010_01110000_01110010_01100101_01110100_01100101_'
Info: line -1 - symbol[00B5] <= '01110100_01110010_01100001_01100011_01100101_00101000_01100110_01110010_01101111_01101101_01011111_01101101_01101001_01100011_01110010_01101111_01100011_01101111_01100100_01100101_00101001_00101100_00100000_01100100_01101001_01110010_01100101_01100011_01110100_01000010_01111001_01110100_'
Info: line -1 - symbol[00B6] <= '01001001_01001100_01011111_01010000_01000011_00100000_00111100_00111101_00100000_01101001_01101110_01100011_00101100_00100000_01101001_01100110_00100000_01001001_01001100_01000011_01001111_01000100_01000101_01000010_01011001_01010100_01000101_01011111_01000010_01001001_01010100_00110111_'
Warning in line 6: overwriting '0000000000001111' with '0000000010110111' at mapper[0027]
Info: Mapper location 39 set to value '0000000010110111'
Info: line -1 - symbol[00B7] <= '01110100_01110010_01100001_01100011_01100101_00101000_01100110_01110010_01101111_01101101_01011111_01101101_01101001_01100011_01110010_01101111_01100011_01101111_01100100_01100101_00101001_00101100_00100000_01100100_01101001_01110010_01100101_01100011_01110100_01000010_01111001_01110100_'
Info: line -1 - symbol[00B8] <= '01100111_01101100_00111010_00100000_01001001_01101110_01101100_01000101_01101110_01100100_00100000_00111100_00111101_00100000_01001001_01101110_01001100_01101001_01101110_01100101_01011111_01110011_01110100_01100001_01110010_01110100_00111011_00100000_00100000_00100000_00100000_00100000_'
Info: line -1 - symbol[00B9] <= '01100111_01101100_01011111_01101100_01101111_01101111_01110000_00111010_00100000_01101001_01100110_00100000_01000011_01001000_01000001_01010010_01001001_01001110_01011111_01010010_01000101_01000001_01000100_01011001_00100000_01110100_01101000_01100101_01101110_00100000_01101110_01100101_'
Info: line -1 - symbol[00BA] <= '01101001_01100110_00100000_01001011_01000010_01000100_01011111_01000010_01010010_01000101_01000001_01001011_00100000_01110100_01101000_01100101_01101110_00100000_01101110_01100101_01111000_01110100_00100000_01100101_01101100_01110011_01100101_00100000_01100111_01101100_01011111_01100011_'
Info: line -1 - symbol[00BB] <= '01100111_01101111_01110100_01000011_01101000_01100001_01110010_00100000_00111101_00100000_00110001_00101100_00100000_01101001_01100110_00100000_01001001_01010011_01011111_01010010_01010101_01001110_01001101_01001111_01000100_01000101_00100000_01110100_01101000_01100101_01101110_00100000_'
Info: line -1 - symbol[00BC] <= '01100111_01101100_01011111_01100011_01101000_01100001_01110010_00111010_00100000_01101001_01100110_00100000_01000011_01001000_01000001_01010010_01001001_01001110_01011111_01010000_01010010_01001001_01001110_01010100_01000001_01000010_01001100_01000101_00100000_01110100_01101000_01100101_'
Info: line -1 - symbol[00BD] <= '01100100_01101001_01110010_01100101_01100011_01110100_01000010_01111001_01110100_01100101_00100000_00111101_00100000_00110000_01111000_00110000_01000100_00101100_00100000_01101001_01100110_00100000_01000011_01001000_01000001_01010010_01001001_01001110_01011111_01000101_01010001_01010101_'
Info: line -1 - symbol[00BE] <= '01100100_01101001_01110010_01100101_01100011_01110100_01000010_01111001_01110100_01100101_00100000_00111101_00100000_00110000_01111000_00110000_00111000_00101100_00100000_01101001_01100110_00100000_01000011_01001000_01000001_01010010_01001001_01001110_01011111_01000101_01010001_01010101_'
Info: line -1 - symbol[00BF] <= '01100100_01101001_01110010_01100101_01100011_01110100_01000010_01111001_01110100_01100101_00100000_00111101_00100000_00110000_01111000_00110001_01100010_00101100_00100000_01101001_01100110_00100000_01000011_01001000_01000001_01010010_01001001_01001110_01011111_01000101_01010001_01010101_'
Info: line -1 - symbol[00C0] <= '01100100_01101001_01110010_01100101_01100011_01110100_01000010_01111001_01110100_01100101_00100000_00111101_00100000_00110000_01111000_00110000_00111001_00101100_00100000_01101001_01100110_00100000_01000011_01001000_01000001_01010010_01001001_01001110_01011111_01000101_01010001_01010101_'
Info: line -1 - symbol[00C1] <= '01100111_01101100_01011111_01101001_01100111_01101110_01101111_01110010_01100101_00111010_00100000_01100100_01101001_01110010_01100101_01100011_01110100_01000010_01111001_01110100_01100101_00100000_00111101_00100000_00110000_01111000_00110000_00110111_00101100_00100000_01101111_01110101_'
Info: line -1 - symbol[00C2] <= '01100111_01101111_01110100_01000011_01101000_01100001_01110010_00100000_00111101_00100000_00110001_00101100_00100000_01101001_01100110_00100000_01100110_01100001_01101100_01110011_01100101_00100000_01110100_01101000_01100101_01101110_00100000_01100011_01101111_01101110_01110100_01101001_'
Info: line -1 - symbol[00C3] <= '01100111_01101100_01011111_01110000_01110010_01101001_01101110_01110100_00111010_00100000_01101001_01100110_00100000_01001001_01001110_01001100_01000101_01001110_01000100_01011111_01001101_01000001_01011000_00100000_01110100_01101000_01100101_01101110_00100000_01100111_01101100_01011111_'
Info: line -1 - symbol[00C4] <= '01101111_01110101_01110100_01000011_01101000_01100001_01110010_00101000_01100110_01110010_01101111_01101101_01011111_01100011_01101000_01100001_01110010_01101001_01101110_00101001_00111011_00100000_00100000_00100000_00100000_00100000_00100000_00100000_00100000_00100000_00100000_00100000_'
Info: line -1 - symbol[00C5] <= '01110111_01110010_01101001_01110100_01100101_01000011_01101111_01110010_01100101_00101000_01001001_01101110_01101100_01000101_01101110_01100100_00101100_00100000_01000011_01001000_01000001_01010010_01001001_01001110_00101001_00101100_00100000_01001001_01101110_01101100_01000101_01101110_'
Info: line -1 - symbol[00C6] <= '01100111_01101100_01011111_01110111_01110010_01101001_01110100_01100101_00110000_00111010_00100000_01110111_01110010_01101001_01110100_01100101_01000011_01101111_01110010_01100101_00101000_01001001_01101110_01101100_01000101_01101110_01100100_00101100_00100000_01111010_01100101_01110010_'
Info: line -1 - symbol[00C7] <= '01100111_01101111_01110100_01000011_01101000_01100001_01110010_00100000_00111101_00100000_00110001_00101100_00100000_01101001_01100110_00100000_01100110_01100001_01101100_01110011_01100101_00100000_01110100_01101000_01100101_01101110_00100000_01100011_01101111_01101110_01110100_01101001_'
Info: line -1 - symbol[00C8] <= '01100111_01101100_01011111_01100101_01110011_01100011_00111010_00100000_01100100_01101001_01110010_01100101_01100011_01110100_01000010_01111001_01110100_01100101_00100000_00111101_00100000_00110000_01111000_00110000_00110111_00101100_00100000_01101111_01110101_01110100_01000011_01101000_'
Info: line -1 - symbol[00C9] <= '01101111_01110101_01110100_01000011_01010010_01001100_01000110_00101000_00101001_00111011_00100000_00100000_00100000_00100000_00100000_00100000_00100000_00100000_00100000_00100000_00100000_00100000_00100000_00100000_00100000_00100000_00100000_00100000_00100000_00100000_00100000_00100000_'
Info: line -1 - symbol[00CA] <= '01100111_01101111_01110100_01000011_01101000_01100001_01110010_00100000_00111101_00100000_00110001_00101100_00100000_01101001_01100110_00100000_01100110_01100001_01101100_01110011_01100101_00100000_01110100_01101000_01100101_01101110_00100000_01100011_01101111_01101110_01110100_01101001_'
Info: line -1 - symbol[00CB] <= '01100111_01101100_01011111_01100010_01110011_00111010_00100000_01101001_01100110_00100000_01001001_01001110_01001100_01000101_01001110_01000100_01011111_01001101_01001001_01001110_00100000_01110100_01101000_01100101_01101110_00100000_01100111_01101100_01011111_01101001_01100111_01101110_'
Info: line -1 - symbol[00CC] <= '01100100_01101001_01110010_01100101_01100011_01110100_01000010_01111001_01110100_01100101_00100000_00111101_00100000_00110000_01111000_00110000_00111000_00101100_00100000_01101111_01110101_01110100_01000011_01101000_01100001_01110010_00101000_01100110_01110010_01101111_01101101_01011111_'
Info: line -1 - symbol[00CD] <= '01001001_01101110_01101100_01000101_01101110_01100100_00100000_00111100_00111101_00100000_01100100_01100101_01100011_00101100_00100000_01101001_01100110_00100000_01100110_01100001_01101100_01110011_01100101_00100000_01110100_01101000_01100101_01101110_00100000_01100011_01101111_01101110_'
Info: line -1 - symbol[00CE] <= '01100111_01101100_01011111_01100011_01110010_00111010_00100000_01110111_01110010_01101001_01110100_01100101_01000011_01101111_01110010_01100101_00101000_01001001_01101110_01101100_01000101_01101110_01100100_00101100_00100000_01000011_01001000_01000001_01010010_01001001_01001110_00101001_'
Info: line -1 - symbol[00CF] <= '01110111_01110010_01101001_01110100_01100101_01000011_01101111_01110010_01100101_00101000_01001001_01101110_01101100_01000101_01101110_01100100_00101100_00100000_01111010_01100101_01110010_01101111_00101001_00111011_00100000_00100000_00100000_00100000_00100000_00100000_00100000_00100000_'
Info: line -1 - symbol[00D0] <= '01100100_01110101_01101101_01110000_01011111_01101001_01101110_01110000_01110101_01110100_00101000_00101001_00111011_00100000_00100000_00100000_00100000_00100000_00100000_00100000_00100000_00100000_00100000_00100000_00100000_00100000_00100000_00100000_00100000_00100000_00100000_00100000_'
Info: line -1 - symbol[00D1] <= '01101111_01110101_01110100_01000011_01010010_01001100_01000110_00101000_00101001_00111011_00100000_00100000_00100000_00100000_00100000_00100000_00100000_00100000_00100000_00100000_00100000_00100000_00100000_00100000_00100000_00100000_00100000_00100000_00100000_00100000_00100000_00100000_'
Info: line -1 - symbol[00D2] <= '01100111_01101111_01110100_01000011_01101000_01100001_01110010_00100000_00111101_00100000_00110001_00101100_00100000_01000010_01010000_00100000_00111100_00111101_00100000_01001001_01101110_01101100_01101001_01101110_01100101_01011111_01110011_01110100_01100001_01110010_01110100_00101100_'
Info: line -1 - symbol[00D3] <= '01100111_01101100_01011111_01110100_01100001_01100010_00111010_00100000_01101001_01100110_00100000_01001001_01001110_01001100_01000101_01001110_01000100_01011111_01001101_01000001_01011000_00100000_01110100_01101000_01100101_01101110_00100000_01100111_01101100_01011111_01101001_01100111_'
Info: line -1 - symbol[00D4] <= '01100111_01101100_01011111_01110100_01100001_01100010_01101100_01101111_01101111_01110000_00111010_00100000_01101001_01100110_00100000_01000001_01010100_01011111_01010100_01000001_01000010_00100000_01110100_01101000_01100101_01101110_00100000_01100111_01101100_01011111_01110111_01110010_'
Info: line -1 - symbol[00D5] <= '01100100_01101001_01110010_01100101_01100011_01110100_01000010_01111001_01110100_01100101_00100000_00111101_00100000_00100111_00100000_00100111_00101100_00100000_01101111_01110101_01110100_01000011_01101000_01100001_01110010_00101000_01100110_01110010_01101111_01101101_01011111_01101101_'
Info: line -1 - symbol[00D6] <= '01100100_01101001_01110010_01100101_01100011_01110100_01000010_01111001_01110100_01100101_00100000_00111101_00100000_00100111_00100000_00100111_00101100_00100000_01110111_01110010_01101001_01110100_01100101_01000011_01101111_01110010_01100101_00101000_01001001_01101110_01101100_01000101_'
Info: line -1 - symbol[00D7] <= '01101001_01100110_00100000_01100110_01100001_01101100_01110011_01100101_00100000_01110100_01101000_01100101_01101110_00100000_01100011_01101111_01101110_01110100_01101001_01101110_01110101_01100101_00100000_01100101_01101100_01110011_01100101_00100000_01100111_01101100_01011111_01110100_'
Warning in line 6: overwriting '0000000000001111' with '0000000011011000' at mapper[002A]
Info: Mapper location 42 set to value '0000000011011000'
Info: line -1 - symbol[00D8] <= '01110100_01110010_01100001_01100011_01100101_00101000_01100110_01110010_01101111_01101101_01011111_01101101_01101001_01100011_01110010_01101111_01100011_01101111_01100100_01100101_00101001_00101100_00100000_01100100_01101001_01110010_01100101_01100011_01110100_01000010_01111001_01110100_'
Info: line -1 - symbol[00D9] <= '01100001_01101100_01110101_00100000_00111100_00111101_00100000_01010011_01011111_01100110_01110010_01101111_01101101_01010011_01110100_01100001_01100011_01101011_00101100_00100000_01000101_01111000_01110000_01010011_01110100_01100001_01100011_01101011_00100000_00111100_00111101_00100000_'
Info: line -1 - symbol[00DA] <= '01100001_01101100_01110101_00100000_00111100_00111101_00100000_01010011_01011111_01110000_01101100_01110101_01110011_01011111_01010010_00111011_00100000_00100000_00100000_00100000_00100000_00100000_00100000_00100000_00100000_00100000_00100000_00100000_00100000_00100000_00100000_00100000_'
Info: line -1 - symbol[00DB] <= '01010100_00100000_00111100_00111101_00100000_01100110_01110010_01101111_01101101_01011111_01011001_01001100_01101111_00101100_00100000_01101001_01100110_00100000_01011001_01011111_01010011_01001001_01000111_01001110_00100000_01110100_01101000_01100101_01101110_00100000_01010011_01011001_'
Info: line -1 - symbol[00DC] <= '01001100_01101001_01101110_01101111_00100000_00111100_00111101_00100000_01010100_00101100_00100000_01101001_01100110_00100000_01011001_01011111_01011010_01000101_01010010_01001111_00100000_01110100_01101000_01100101_01101110_00100000_01010011_01011001_01001110_01010100_01000001_01011000_'
Info: line -1 - symbol[00DD] <= '01110100_01110010_01100001_01100011_01100101_01000001_01001100_01010101_00101000_00101001_00111011_00100000_00100000_00100000_00100000_00100000_00100000_00100000_00100000_00100000_00100000_00100000_00100000_00100000_00100000_00100000_00100000_00100000_00100000_00100000_00100000_00100000_'
Info: line -1 - symbol[00DE] <= '01110011_01101011_01101001_01110000_01010011_01110000_01100001_01100011_01100101_01110011_00101000_00101001_00111011_00100000_00100000_00100000_00100000_00100000_00100000_00100000_00100000_00100000_00100000_00100000_00100000_00100000_00100000_00100000_00100000_00100000_00100000_00100000_'
Info: line -1 - symbol[00DF] <= '01010100_00100000_00111100_00111101_00100000_01000010_01010000_00111011_00100000_00100000_00100000_00100000_00100000_00100000_00100000_00100000_00100000_00100000_00100000_00100000_00100000_00100000_00100000_00100000_00100000_00100000_00100000_00100000_00100000_00100000_00100000_00100000_'
Info: line -1 - symbol[00E0] <= '01101001_01101100_01011111_01100110_01101001_01101110_01100100_01000010_01000101_00111010_00100000_01000010_01000101_00100000_00111100_00111101_00100000_01010100_00101100_00100000_01110010_01100101_01100001_01100100_01000011_01101111_01110010_01100101_00101000_01010100_00101001_00111011_'
Info: line -1 - symbol[00E1] <= '01100100_01101001_01110010_01100101_01100011_01110100_01000010_01111001_01110100_01100101_00100000_00111101_00100000_00110000_01111000_00110000_01000100_00101100_00100000_01101001_01100110_00100000_01001101_01000100_01010010_01011111_01000101_01010001_01010101_01011111_01000100_01000010_'
Info: line -1 - symbol[00E2] <= '01010100_00100000_00111100_00111101_00100000_01101001_01101110_01100011_00101100_00100000_01101001_01100110_00100000_01100110_01100001_01101100_01110011_01100101_00100000_01110100_01101000_01100101_01101110_00100000_01100011_01101111_01101110_01110100_01101001_01101110_01110101_01100101_'
Info: line -1 - symbol[00E3] <= '01101001_01101100_01011111_01100110_01101111_01110010_01101011_00111010_00100000_01101001_01100110_00100000_01001001_01001101_01010000_01001100_01001001_01001110_01000101_01011111_01000101_01001101_01010000_01010100_01011001_00100000_01110100_01101000_01100101_01101110_00100000_01101110_'
Info: line -1 - symbol[00E4] <= '01100100_01100101_01101100_01100101_01110100_01100101_01001100_01101001_01101110_01100101_00111010_00100000_01110011_01100011_01100001_01101110_01010000_01110010_01101111_01100111_01110010_01100001_01101101_00101000_00101001_00111011_00100000_00100000_00100000_00100000_00100000_00100000_'
Info: line -1 - symbol[00E5] <= '01101001_01100110_00100000_01000010_01000001_01010011_01001100_01001001_01001110_01000101_01011111_01000110_01001111_01010101_01001110_01000100_00100000_01110100_01101000_01100101_01101110_00100000_01101110_01100101_01111000_01110100_00100000_01100101_01101100_01110011_01100101_00100000_'
Info: line -1 - symbol[00E6] <= '01101001_01100110_00100000_01011001_01011111_01011010_01000101_01010010_01001111_00100000_01110100_01101000_01100101_01101110_00100000_01101110_01100101_01111000_01110100_00100000_01100101_01101100_01110011_01100101_00100000_01010111_01100001_01110010_01101101_01010011_01110100_01100001_'
Info: line -1 - symbol[00E7] <= '01100100_01100101_01101100_01000010_01100001_01110011_01001100_01101001_01101110_01100101_00101000_00101001_00111011_00100000_00100000_00100000_00100000_00100000_00100000_00100000_00100000_00100000_00100000_00100000_00100000_00100000_00100000_00100000_00100000_00100000_00100000_00100000_'
Info: line -1 - symbol[00E8] <= '01101001_01100110_00100000_01100110_01100001_01101100_01110011_01100101_00100000_01110100_01101000_01100101_01101110_00100000_01100011_01101111_01101110_01110100_01101001_01101110_01110101_01100101_00100000_01100101_01101100_01110011_01100101_00100000_01010111_01100001_01110010_01101101_'
Info: line -1 - symbol[00E9] <= '01100011_01101000_01100001_01101110_01100111_01100101_01001100_01101001_01101110_01100101_00111010_00100000_01110011_01100011_01100001_01101110_01010000_01110010_01101111_01100111_01110010_01100001_01101101_00101000_00101001_00111011_00100000_00100000_00100000_00100000_00100000_00100000_'
Info: line -1 - symbol[00EA] <= '01101001_01100110_00100000_01000010_01000001_01010011_01001100_01001001_01001110_01000101_01011111_01000110_01001111_01010101_01001110_01000100_00100000_01110100_01101000_01100101_01101110_00100000_01101110_01100101_01111000_01110100_00100000_01100101_01101100_01110011_01100101_00100000_'
Info: line -1 - symbol[00EB] <= '01101001_01100110_00100000_01011001_01011111_01011010_01000101_01010010_01001111_00100000_01110100_01101000_01100101_01101110_00100000_01101110_01100101_01111000_01110100_00100000_01100101_01101100_01110011_01100101_00100000_01101001_01101110_01110011_01100101_01110010_01110100_01001100_'
Info: line -1 - symbol[00EC] <= '01110010_01100101_01110000_01101100_01100001_01100011_01100101_01001100_01101001_01101110_01100101_00111010_00100000_01101001_01100110_00100000_01100110_01100001_01101100_01110011_01100101_00100000_01110100_01101000_01100101_01101110_00100000_01100011_01101111_01101110_01110100_01101001_'
Info: line -1 - symbol[00ED] <= '01101001_01101110_01110011_01100101_01110010_01110100_01001100_01101001_01101110_01100101_00111010_00100000_01101001_01100110_00100000_01100110_01100001_01101100_01110011_01100101_00100000_01110100_01101000_01100101_01101110_00100000_01100011_01101111_01101110_01110100_01101001_01101110_'
Info: line -1 - symbol[00EE] <= '01100001_01110000_01110000_01100101_01101110_01100100_01001100_01101001_01101110_01100101_00111010_00100000_01100001_01101100_01110101_00100000_00111100_00111101_00100000_01010011_01011111_01100110_01110010_01101111_01101101_01001100_01101001_01101110_01101111_00101100_00100000_01010100_'
Info: line -1 - symbol[00EF] <= '01110111_01110010_01101001_01110100_01100101_01000011_01101111_01110010_01100101_00101000_01010100_00101100_00100000_01100110_01110010_01101111_01101101_01011111_01010011_01001000_01101001_00101001_00111011_00100000_00100000_00100000_00100000_00100000_00100000_00100000_00100000_00100000_'
Info: line -1 - symbol[00F0] <= '01010100_00100000_00111100_00111101_00100000_01101001_01101110_01100011_00111011_00100000_00100000_00100000_00100000_00100000_00100000_00100000_00100000_00100000_00100000_00100000_00100000_00100000_00100000_00100000_00100000_00100000_00100000_00100000_00100000_00100000_00100000_00100000_'
Info: line -1 - symbol[00F1] <= '01110111_01110010_01101001_01110100_01100101_01000011_01101111_01110010_01100101_00101000_01010100_00101100_00100000_01100110_01110010_01101111_01101101_01011111_01010011_01001100_01101111_00101001_00111011_00100000_00100000_00100000_00100000_00100000_00100000_00100000_00100000_00100000_'
Info: line -1 - symbol[00F2] <= '01010100_00100000_00111100_00111101_00100000_01101001_01101110_01100011_00111011_00100000_00100000_00100000_00100000_00100000_00100000_00100000_00100000_00100000_00100000_00100000_00100000_00100000_00100000_00100000_00100000_00100000_00100000_00100000_00100000_00100000_00100000_00100000_'
Info: line -1 - symbol[00F3] <= '01100001_01110000_01110000_01011111_01101100_01101111_01101111_01110000_00111010_00100000_01110010_01100101_01100001_01100100_01000011_01101111_01110010_01100101_00101000_01000010_01010000_00101001_00111011_00100000_00100000_00100000_00100000_00100000_00100000_00100000_00100000_00100000_'
Info: line -1 - symbol[00F4] <= '01110111_01110010_01101001_01110100_01100101_01000011_01101111_01110010_01100101_00101000_01010100_00101100_00100000_01110011_01100001_01101101_01100101_00101001_00111011_00100000_00100000_00100000_00100000_00100000_00100000_00100000_00100000_00100000_00100000_00100000_00100000_00100000_'
Info: line -1 - symbol[00F5] <= '01000010_01010000_00100000_00111100_00111101_00100000_01101001_01101110_01100011_00101100_00100000_01010100_00100000_00111100_00111101_00100000_01101001_01101110_01100011_00111011_00100000_00100000_00100000_00100000_00100000_00100000_00100000_00100000_00100000_00100000_00100000_00100000_'
Info: line -1 - symbol[00F6] <= '01100100_01101001_01110010_01100101_01100011_01110100_01000010_01111001_01110100_01100101_00100000_00111101_00100000_00110000_01111000_00110000_01000100_00101100_00100000_01101001_01100110_00100000_01001101_01000100_01010010_01011111_01000101_01010001_01010101_01011111_01000100_01000010_'
Info: line -1 - symbol[00F7] <= '01110111_01110010_01101001_01110100_01100101_00110010_01001110_01110101_01101100_01101100_01110011_00101000_01110011_01100001_01101101_01100101_00101001_00111011_00100000_00100000_00100000_00100000_00100000_00100000_00100000_00100000_00100000_00100000_00100000_00100000_00100000_00100000_'
Info: line -1 - symbol[00F8] <= '01101001_01100110_00100000_01100110_01100001_01101100_01110011_01100101_00100000_01110100_01101000_01100101_01101110_00100000_01100011_01101111_01101110_01110100_01101001_01101110_01110101_01100101_00100000_01100101_01101100_01110011_01100101_00100000_01010111_01100001_01110010_01101101_'
Info: line -1 - symbol[00F9] <= '01110011_01100011_01100001_01101110_01010000_01110010_01101111_01100111_01110010_01100001_01101101_00111010_00100000_01100001_01101100_01110101_00100000_00111100_00111101_00100000_01110010_01100101_01110011_01100101_01110100_00110000_00111011_00100000_00100000_00100000_00100000_00100000_'
Info: line -1 - symbol[00FA] <= '01010100_00100000_00111100_00111101_00100000_01111010_01100101_01110010_01101111_00111011_00100000_00100000_00100000_00100000_00100000_00100000_00100000_00100000_00100000_00100000_00100000_00100000_00100000_00100000_00100000_00100000_00100000_00100000_00100000_00100000_00100000_00100000_'
Info: line -1 - symbol[00FB] <= '01001100_01010011_00100000_00111100_00111101_00100000_01010100_00101100_00100000_01001100_01000101_00100000_00111100_00111101_00100000_01010100_00101100_00100000_01010100_00100000_00111100_00111101_00100000_01010000_01110010_01101111_01100111_01011111_01110011_01110100_01100001_01110010_'
Info: line -1 - symbol[00FC] <= '01010000_01110010_01100111_01000101_01101110_01100100_00100000_00111100_00111101_00100000_01010100_00111011_00100000_00100000_00100000_00100000_00100000_00100000_00100000_00100000_00100000_00100000_00100000_00100000_00100000_00100000_00100000_00100000_00100000_00100000_00100000_00100000_'
Info: line -1 - symbol[00FD] <= '01110011_01100011_01100001_01101110_01011111_01101100_01101111_01101111_01110000_00111010_00100000_01110010_01100101_01100001_01100100_01000011_01101111_01110010_01100101_00110001_00110110_00101000_01110011_01100001_01101101_01100101_00101001_00111011_00100000_00100000_00100000_00100000_'
Info: line -1 - symbol[00FE] <= '01110100_01110010_01100001_01100011_01100101_01000001_01001100_01010101_00101000_00101001_00111011_00100000_00100000_00100000_00100000_00100000_00100000_00100000_00100000_00100000_00100000_00100000_00100000_00100000_00100000_00100000_00100000_00100000_00100000_00100000_00100000_00100000_'
Info: line -1 - symbol[00FF] <= '01100001_01101100_01110101_00100000_00111100_00111101_00100000_01010011_01011111_01100110_01110010_01101111_01101101_01001100_01101001_01101110_01101111_00101100_00100000_01101001_01100110_00100000_01010010_01011111_01001001_01010011_01011111_01011010_01000101_01010010_01001111_00100000_'
Info: line -1 - symbol[0100] <= '01010100_00100000_00111100_00111101_00100000_01100100_01100101_01100011_00111011_00100000_00100000_00100000_00100000_00100000_00100000_00100000_00100000_00100000_00100000_00100000_00100000_00100000_00100000_00100000_00100000_00100000_00100000_00100000_00100000_00100000_00100000_00100000_'
Info: line -1 - symbol[0101] <= '01010000_01110010_01100111_01000101_01101110_01100100_00100000_00111100_00111101_00100000_01010100_00101100_00100000_01101001_01100110_00100000_01100110_01100001_01101100_01110011_01100101_00100000_01110100_01101000_01100101_01101110_00100000_01100011_01101111_01101110_01110100_01101001_'
Info: line -1 - symbol[0102] <= '01110011_01100011_01100001_01101110_01011111_01100011_01101000_01100101_01100011_01101011_00111010_00100000_01100001_01101100_01110101_00100000_00111100_00111101_00100000_01010011_01011111_01101101_01101001_01101110_01110101_01110011_01011111_01010010_00111011_00100000_00100000_00100000_'
Info: line -1 - symbol[0103] <= '01101001_01100110_00100000_01011001_01011111_01011010_01000101_01010010_01001111_00100000_01110100_01101000_01100101_01101110_00100000_01110011_01100011_01100001_01101110_01011111_01100110_01101111_01110101_01101110_01100100_00100000_01100101_01101100_01110011_01100101_00100000_01101110_'
Info: line -1 - symbol[0104] <= '01101001_01100110_00100000_01011001_01011111_01010011_01001001_01000111_01001110_00100000_01110100_01101000_01100101_01101110_00100000_01110011_01100011_01100001_01101110_01011111_01100110_01101111_01110101_01101110_01100100_00100000_01100101_01101100_01110011_01100101_00100000_01101110_'
Info: line -1 - symbol[0105] <= '01110011_01100011_01100001_01101110_01011111_01101110_01100101_01111000_01110100_00111010_00100000_01100110_01101001_01101110_01100100_01001110_01100101_01111000_01110100_01000011_01010010_00101000_01110011_01100001_01101101_01100101_00101001_00111011_00100000_00100000_00100000_00100000_'
Info: line -1 - symbol[0106] <= '01110011_01100011_01100001_01101110_01011111_01101100_01101001_01101110_01100101_00111010_00100000_01010100_00100000_00111100_00111101_00100000_01101001_01101110_01100011_00101100_00100000_01101001_01100110_00100000_01100110_01100001_01101100_01110011_01100101_00100000_01110100_01101000_'
Info: line -1 - symbol[0107] <= '01110011_01100011_01100001_01101110_01011111_01100110_01101111_01110101_01101110_01100100_00111010_00100000_01101001_01100110_00100000_01000010_01000001_01010011_01001100_01001001_01001110_01000101_01011111_01000110_01001111_01010101_01001110_01000100_00100000_01110100_01101000_01100101_'
Info: line -1 - symbol[0108] <= '01010100_00100000_00111100_00111101_00100000_01100100_01100101_01100011_00111011_00100000_00100000_00100000_00100000_00100000_00100000_00100000_00100000_00100000_00100000_00100000_00100000_00100000_00100000_00100000_00100000_00100000_00100000_00100000_00100000_00100000_00100000_00100000_'
Info: line -1 - symbol[0109] <= '01010100_00100000_00111100_00111101_00100000_01100100_01100101_01100011_00111011_00100000_00100000_00100000_00100000_00100000_00100000_00100000_00100000_00100000_00100000_00100000_00100000_00100000_00100000_00100000_00100000_00100000_00100000_00100000_00100000_00100000_00100000_00100000_'
Info: line -1 - symbol[010A] <= '01001100_01010011_00100000_00111100_00111101_00100000_01010100_00101100_00100000_01010100_00100000_00111100_00111101_00100000_01101001_01101110_01100011_00111011_00100000_00100000_00100000_00100000_00100000_00100000_00100000_00100000_00100000_00100000_00100000_00100000_00100000_00100000_'
Info: line -1 - symbol[010B] <= '01100110_01101001_01101110_01100100_01001110_01100101_01111000_01110100_01000011_01010010_00101000_01101001_01101110_01100011_00101001_00111011_00100000_00100000_00100000_00100000_00100000_00100000_00100000_00100000_00100000_00100000_00100000_00100000_00100000_00100000_00100000_00100000_'
Info: line -1 - symbol[010C] <= '01001100_01000101_00100000_00111100_00111101_00100000_01010100_00101100_00100000_01010100_00100000_00111100_00111101_00100000_01100110_01110010_01101111_01101101_01011111_01010010_00111011_00100000_00100000_00100000_00100000_00100000_00100000_00100000_00100000_00100000_00100000_00100000_'
Info: line -1 - symbol[010D] <= '01000101_01111000_01110000_01010011_01110100_01100001_01100011_01101011_00100000_00111100_00111101_00100000_01110000_01110101_01110011_01101000_01011111_01010100_01010111_01101111_01110010_01100100_00101100_00100000_01101001_01100110_00100000_01100110_01100001_01101100_01110011_01100101_'
Info: line -1 - symbol[010E] <= '01110011_01100011_01100001_01101110_01011111_01100100_01101111_01101110_01100101_00111010_00100000_01100001_01101100_01110101_00100000_00111100_00111101_00100000_01010011_01011111_01100110_01110010_01101111_01101101_01001100_01101001_01101110_01101111_00101100_00100000_01101001_01100110_'
Info: line -1 - symbol[010F] <= '01100001_01101100_01110101_00100000_00111100_00111101_00100000_01010010_01011111_01100110_01110010_01101111_01101101_01010011_01110100_01100001_01100011_01101011_00101100_00100000_01000101_01111000_01110000_01010011_01110100_01100001_01100011_01101011_00100000_00111100_00111101_00100000_'
Info: line -1 - symbol[0110] <= '01110011_01100011_01100001_01101110_01011111_01100101_01111000_01101001_01110100_00111010_00100000_01100001_01101100_01110101_00100000_00111100_00111101_00100000_01010011_01011111_01101101_01101001_01101110_01110101_01110011_01011111_01010010_00101100_00100000_01101001_01100110_00100000_'
Info: line -1 - symbol[0111] <= '01100100_01100101_01101100_01000010_01100001_01110011_01001100_01101001_01101110_01100101_00111010_00100000_01100001_01101100_01110101_00100000_00111100_00111101_00100000_01100011_01101111_01110000_01111001_01011111_01100100_01100101_01101100_00111011_00100000_00100000_00100000_00100000_'
Info: line -1 - symbol[0112] <= '01100100_01100010_01110011_01011111_01101100_01101111_01101111_01110000_00111010_00100000_01101001_01100110_00100000_01011001_01011111_01011010_01000101_01010010_01001111_00100000_01110100_01101000_01100101_01101110_00100000_01110010_01100101_01110100_01110101_01110010_01101110_00111011_'
Info: line -1 - symbol[0113] <= '01010100_00100000_00111100_00111101_00100000_01100110_01110010_01101111_01101101_01011111_01010011_00111011_00100000_00100000_00100000_00100000_00100000_00100000_00100000_00100000_00100000_00100000_00100000_00100000_00100000_00100000_00100000_00100000_00100000_00100000_00100000_00100000_'
Info: line -1 - symbol[0114] <= '01110010_01100101_01100001_01100100_01000011_01101111_01110010_01100101_00101000_01010100_00101001_00111011_00100000_00100000_00100000_00100000_00100000_00100000_00100000_00100000_00100000_00100000_00100000_00100000_00100000_00100000_00100000_00100000_00100000_00100000_00100000_00100000_'
Info: line -1 - symbol[0115] <= '01010100_00100000_00111100_00111101_00100000_01100110_01110010_01101111_01101101_01011111_01010010_00111011_00100000_00100000_00100000_00100000_00100000_00100000_00100000_00100000_00100000_00100000_00100000_00100000_00100000_00100000_00100000_00100000_00100000_00100000_00100000_00100000_'
Info: line -1 - symbol[0116] <= '01110111_01110010_01101001_01110100_01100101_01000011_01101111_01110010_01100101_00101000_01010100_00101100_00100000_01110011_01100001_01101101_01100101_00101001_00111011_00100000_00100000_00100000_00100000_00100000_00100000_00100000_00100000_00100000_00100000_00100000_00100000_00100000_'
Info: line -1 - symbol[0117] <= '01110100_01110010_01100001_01100011_01100101_01000001_01001100_01010101_00101000_00101001_00111011_00100000_00100000_00100000_00100000_00100000_00100000_00100000_00100000_00100000_00100000_00100000_00100000_00100000_00100000_00100000_00100000_00100000_00100000_00100000_00100000_00100000_'
Info: line -1 - symbol[0118] <= '01100001_01101100_01110101_00100000_00111100_00111101_00100000_01100011_01101111_01110000_01111001_01011111_01101001_01101110_01100011_00101100_00100000_01101001_01100110_00100000_01100110_01100001_01101100_01110011_01100101_00100000_01110100_01101000_01100101_01101110_00100000_01100011_'
Warning in line 6: overwriting '0000000000001111' with '0000000100011001' at mapper[002B]
Info: Mapper location 43 set to value '0000000100011001'
Info: line -1 - symbol[0119] <= '01110100_01110010_01100001_01100011_01100101_00101000_01100110_01110010_01101111_01101101_01011111_01101101_01101001_01100011_01110010_01101111_01100011_01101111_01100100_01100101_00101001_00101100_00100000_01100100_01101001_01110010_01100101_01100011_01110100_01000010_01111001_01110100_'
Info: line -1 - symbol[011A] <= '01101001_01100110_00100000_01100110_01100001_01101100_01110011_01100101_00100000_01110100_01101000_01100101_01101110_00100000_01100011_01101111_01101110_01110100_01101001_01101110_01110101_01100101_00100000_01100101_01101100_01110011_01100101_00100000_01000011_01101111_01101100_01100100_'
Warning in line 6: overwriting '0000000000001111' with '0000000100011011' at mapper[002C]
Info: Mapper location 44 set to value '0000000100011011'
Info: line -1 - symbol[011B] <= '01110100_01110010_01100001_01100011_01100101_00101000_01100110_01110010_01101111_01101101_01011111_01101101_01101001_01100011_01110010_01101111_01100011_01101111_01100100_01100101_00101001_00101100_00100000_01100100_01101001_01110010_01100101_01100011_01110100_01000010_01111001_01110100_'
Info: line -1 - symbol[011C] <= '01010100_00100000_00111100_00111101_00100000_01001001_01001100_01011111_01010000_01000011_00111011_00100000_00100000_00100000_00100000_00100000_00100000_00100000_00100000_00100000_00100000_00100000_00100000_00100000_00100000_00100000_00100000_00100000_00100000_00100000_00100000_00100000_'
Info: line -1 - symbol[011D] <= '01011000_01010001_01101000_01100101_01110010_01100101_00100000_00111100_00111101_00100000_01010100_00101100_00100000_01110010_01100101_01100001_01100100_01000011_01101111_01110010_01100101_00110001_00110110_00101000_01010000_01110010_01101111_01100111_01011111_01110011_01110100_01100001_'
Info: line -1 - symbol[011E] <= '01101001_01100110_00100000_01010010_01011111_01001001_01010011_01011111_01011010_01000101_01010010_01001111_00100000_01110100_01101000_01100101_01101110_00100000_01001110_01001111_01010000_01010010_01001111_01000111_01011111_01000101_01010010_01010010_00111011_00100000_00100000_00100000_'
Info: line -1 - symbol[011F] <= '01000010_01010000_00100000_00111100_00111101_00100000_01010100_00101100_00100000_01010100_00100000_00111100_00111101_00100000_01100110_01110010_01101111_01101101_01011111_01010010_00111011_00100000_00100000_00100000_00100000_00100000_00100000_00100000_00100000_00100000_00100000_00100000_'
Info: line -1 - symbol[0120] <= '01001100_01101001_01101110_01101111_00100000_00111100_00111101_00100000_01010100_00101100_00100000_01101001_01100110_00100000_01100110_01100001_01101100_01110011_01100101_00100000_01110100_01101000_01100101_01101110_00100000_01100011_01101111_01101110_01110100_01101001_01101110_01110101_'
Warning in line 6: overwriting '0000000000001111' with '0000000100100001' at mapper[002D]
Info: Mapper location 45 set to value '0000000100100001'
Info: line -1 - symbol[0121] <= '01110100_01110010_01100001_01100011_01100101_00101000_01100110_01110010_01101111_01101101_01011111_01101101_01101001_01100011_01110010_01101111_01100011_01101111_01100100_01100101_00101001_00101100_00100000_01100100_01101001_01110010_01100101_01100011_01110100_01000010_01111001_01110100_'
Info: line -1 - symbol[0122] <= '01110011_01110100_01101111_01110000_01011111_01110010_01110101_01101110_00111010_00100000_01100100_01101001_01110010_01100101_01100011_01110100_01000010_01111001_01110100_01100101_00100000_00111101_00100000_00100111_01010011_00100111_00101100_00100000_01101111_01110101_01110100_01000011_'
Info: line -1 - symbol[0123] <= '01100100_01101001_01110010_01100101_01100011_01110100_01000010_01111001_01110100_01100101_00100000_00111101_00100000_00100111_01010100_00100111_00101100_00100000_01101111_01110101_01110100_01000011_01101000_01100001_01110010_00101000_01100110_01110010_01101111_01101101_01011111_01101101_'
Info: line -1 - symbol[0124] <= '01100100_01101001_01110010_01100101_01100011_01110100_01000010_01111001_01110100_01100101_00100000_00111101_00100000_00100111_01001111_00100111_00101100_00100000_01101111_01110101_01110100_01000011_01101000_01100001_01110010_00101000_01100110_01110010_01101111_01101101_01011111_01101101_'
Info: line -1 - symbol[0125] <= '01100100_01101001_01110010_01100101_01100011_01110100_01000010_01111001_01110100_01100101_00100000_00111101_00100000_00100111_01010000_00100111_00101100_00100000_01101111_01110101_01110100_01000011_01101000_01100001_01110010_00101000_01100110_01110010_01101111_01101101_01011111_01101101_'
Info: line -1 - symbol[0126] <= '01101001_01100110_00100000_01100110_01100001_01101100_01110011_01100101_00100000_01110100_01101000_01100101_01101110_00100000_01100011_01101111_01101110_01110100_01101001_01101110_01110101_01100101_00100000_01100101_01101100_01110011_01100101_00100000_01110000_01110010_01101001_01101110_'
Warning in line 6: overwriting '0000000000001111' with '0000000100100111' at mapper[002F]
Info: Mapper location 47 set to value '0000000100100111'
Info: line -1 - symbol[0127] <= '01110100_01110010_01100001_01100011_01100101_00101000_01100110_01110010_01101111_01101101_01011111_01101101_01101001_01100011_01110010_01101111_01100011_01101111_01100100_01100101_00101001_00101100_00100000_01100100_01101001_01110010_01100101_01100011_01110100_01000010_01111001_01110100_'
Info: line -1 - symbol[0128] <= '01101001_01100110_00100000_01010011_01010100_01000001_01000011_01001011_01011111_01001001_01010011_01011111_01000101_01001101_01010000_01010100_01011001_00100000_01110100_01101000_01100101_01101110_00100000_01010010_01010011_01010100_01000001_01000011_01001011_01011111_01000101_01010010_'
Info: line -1 - symbol[0129] <= '01001001_01001100_01011111_01010000_01000011_00100000_00111100_00111101_00100000_01010010_01100101_01110100_01010011_01110100_01100001_01100011_01101011_00101100_00100000_01010010_01100101_01110100_01010011_01110100_01100001_01100011_01101011_00100000_00111100_00111101_00100000_01110000_'
Warning in line 6: overwriting '0000000000001111' with '0000000100101010' at mapper[0030]
Warning in line 6: overwriting '0000000000001111' with '0000000100101010' at mapper[0031]
Warning in line 6: overwriting '0000000000001111' with '0000000100101010' at mapper[0032]
Warning in line 6: overwriting '0000000000001111' with '0000000100101010' at mapper[0033]
Warning in line 6: overwriting '0000000000001111' with '0000000100101010' at mapper[0034]
Warning in line 6: overwriting '0000000000001111' with '0000000100101010' at mapper[0035]
Warning in line 6: overwriting '0000000000001111' with '0000000100101010' at mapper[0036]
Warning in line 6: overwriting '0000000000001111' with '0000000100101010' at mapper[0037]
Info: 8 mapper locations from 48 to 55 set to value '0000000100101010'
Info: line -1 - symbol[012A] <= '01110100_01110010_01100001_01100011_01100101_00101000_01100110_01110010_01101111_01101101_01011111_01101101_01101001_01100011_01110010_01101111_01100011_01101111_01100100_01100101_00101001_00101100_00100000_01100100_01101001_01110010_01100101_01100011_01110100_01000010_01111001_01110100_'
Info: line -1 - symbol[012B] <= '01110100_01110010_01100001_01100011_01100101_00101000_01100110_01110010_01101111_01101101_01011111_01101101_01101001_01100011_01110010_01101111_01100011_01101111_01100100_01100101_00101001_00101100_00100000_01100100_01101001_01110010_01100101_01100011_01110100_01000010_01111001_01110100_'
Info: line -1 - symbol[012C] <= '01101001_01100110_00100000_01010011_01010100_01000001_01000011_01001011_01011111_01001001_01010011_01011111_01000110_01010101_01001100_01001100_00100000_01110100_01101000_01100101_01101110_00100000_01010010_01010011_01010100_01000001_01000011_01001011_01011111_01000101_01010010_01010010_'
Info: line -1 - symbol[012D] <= '01010010_01100101_01110100_01010011_01110100_01100001_01100011_01101011_00100000_00111100_00111101_00100000_01110000_01110101_01110011_01101000_01011111_01001001_01001100_01011111_01010000_01000011_01011111_01010000_01001100_01010101_01010011_01011111_00110001_00101100_00100000_01101001_'
Warning in line 6: overwriting '0000000000001111' with '0000000100101110' at mapper[0038]
Warning in line 6: overwriting '0000000000001111' with '0000000100101110' at mapper[0039]
Warning in line 6: overwriting '0000000000001111' with '0000000100101110' at mapper[003A]
Warning in line 6: overwriting '0000000000001111' with '0000000100101110' at mapper[003B]
Warning in line 6: overwriting '0000000000001111' with '0000000100101110' at mapper[003C]
Warning in line 6: overwriting '0000000000001111' with '0000000100101110' at mapper[003D]
Warning in line 6: overwriting '0000000000001111' with '0000000100101110' at mapper[003E]
Warning in line 6: overwriting '0000000000001111' with '0000000100101110' at mapper[003F]
Info: 8 mapper locations from 56 to 63 set to value '0000000100101110'
Info: line -1 - symbol[012E] <= '01110100_01110010_01100001_01100011_01100101_00101000_01100110_01110010_01101111_01101101_01011111_01101101_01101001_01100011_01110010_01101111_01100011_01101111_01100100_01100101_00101001_00101100_00100000_01100100_01101001_01110010_01100101_01100011_01110100_01000010_01111001_01110100_'
Info: line -1 - symbol[012F] <= '01110100_01110010_01100001_01100011_01100101_00101000_01100110_01110010_01101111_01101101_01011111_01101101_01101001_01100011_01110010_01101111_01100011_01101111_01100100_01100101_00101001_00101100_00100000_01100100_01101001_01110010_01100101_01100011_01110100_01000010_01111001_01110100_'
Info: line -1 - symbol[0130] <= '01101010_01110101_01101101_01110000_00111010_00100000_01001001_01001100_01011111_01010000_01000011_00100000_00111100_00111101_00100000_01100100_01101001_01110010_01100101_01100011_01110100_00110001_00110001_00101100_00100000_01101001_01100110_00100000_01100110_01100001_01101100_01110011_'
Warning in line 6: overwriting '0000000000001111' with '0000000100110001' at mapper[0040]
Warning in line 6: overwriting '0000000000001111' with '0000000100110001' at mapper[0041]
Warning in line 6: overwriting '0000000000001111' with '0000000100110001' at mapper[0042]
Warning in line 6: overwriting '0000000000001111' with '0000000100110001' at mapper[0043]
Warning in line 6: overwriting '0000000000001111' with '0000000100110001' at mapper[0044]
Warning in line 6: overwriting '0000000000001111' with '0000000100110001' at mapper[0045]
Warning in line 6: overwriting '0000000000001111' with '0000000100110001' at mapper[0046]
Warning in line 6: overwriting '0000000000001111' with '0000000100110001' at mapper[0047]
Warning in line 6: overwriting '0000000000001111' with '0000000100110001' at mapper[0048]
Warning in line 6: overwriting '0000000000001111' with '0000000100110001' at mapper[0049]
Warning in line 6: overwriting '0000000000001111' with '0000000100110001' at mapper[004A]
Warning in line 6: overwriting '0000000000001111' with '0000000100110001' at mapper[004B]
Warning in line 6: overwriting '0000000000001111' with '0000000100110001' at mapper[004C]
Warning in line 6: overwriting '0000000000001111' with '0000000100110001' at mapper[004D]
Warning in line 6: overwriting '0000000000001111' with '0000000100110001' at mapper[004E]
Warning in line 6: overwriting '0000000000001111' with '0000000100110001' at mapper[004F]
Warning in line 6: overwriting '0000000000001111' with '0000000100110001' at mapper[0050]
Warning in line 6: overwriting '0000000000001111' with '0000000100110001' at mapper[0051]
Warning in line 6: overwriting '0000000000001111' with '0000000100110001' at mapper[0052]
Warning in line 6: overwriting '0000000000001111' with '0000000100110001' at mapper[0053]
Warning in line 6: overwriting '0000000000001111' with '0000000100110001' at mapper[0054]
Warning in line 6: overwriting '0000000000001111' with '0000000100110001' at mapper[0055]
Warning in line 6: overwriting '0000000000001111' with '0000000100110001' at mapper[0056]
Warning in line 6: overwriting '0000000000001111' with '0000000100110001' at mapper[0057]
Warning in line 6: overwriting '0000000000001111' with '0000000100110001' at mapper[0058]
Warning in line 6: overwriting '0000000000001111' with '0000000100110001' at mapper[0059]
Warning in line 6: overwriting '0000000000001111' with '0000000100110001' at mapper[005A]
Warning in line 6: overwriting '0000000000001111' with '0000000100110001' at mapper[005B]
Warning in line 6: overwriting '0000000000001111' with '0000000100110001' at mapper[005C]
Warning in line 6: overwriting '0000000000001111' with '0000000100110001' at mapper[005D]
Warning in line 6: overwriting '0000000000001111' with '0000000100110001' at mapper[005E]
Warning in line 6: overwriting '0000000000001111' with '0000000100110001' at mapper[005F]
Warning in line 6: overwriting '0000000000001111' with '0000000100110001' at mapper[0060]
Warning in line 6: overwriting '0000000000001111' with '0000000100110001' at mapper[0061]
Warning in line 6: overwriting '0000000000001111' with '0000000100110001' at mapper[0062]
Warning in line 6: overwriting '0000000000001111' with '0000000100110001' at mapper[0063]
Warning in line 6: overwriting '0000000000001111' with '0000000100110001' at mapper[0064]
Warning in line 6: overwriting '0000000000001111' with '0000000100110001' at mapper[0065]
Warning in line 6: overwriting '0000000000001111' with '0000000100110001' at mapper[0066]
Warning in line 6: overwriting '0000000000001111' with '0000000100110001' at mapper[0067]
Warning in line 6: overwriting '0000000000001111' with '0000000100110001' at mapper[0068]
Warning in line 6: overwriting '0000000000001111' with '0000000100110001' at mapper[0069]
Warning in line 6: overwriting '0000000000001111' with '0000000100110001' at mapper[006A]
Warning in line 6: overwriting '0000000000001111' with '0000000100110001' at mapper[006B]
Warning in line 6: overwriting '0000000000001111' with '0000000100110001' at mapper[006C]
Warning in line 6: overwriting '0000000000001111' with '0000000100110001' at mapper[006D]
Warning in line 6: overwriting '0000000000001111' with '0000000100110001' at mapper[006E]
Warning in line 6: overwriting '0000000000001111' with '0000000100110001' at mapper[006F]
Warning in line 6: overwriting '0000000000001111' with '0000000100110001' at mapper[0070]
Warning in line 6: overwriting '0000000000001111' with '0000000100110001' at mapper[0071]
Warning in line 6: overwriting '0000000000001111' with '0000000100110001' at mapper[0072]
Warning in line 6: overwriting '0000000000001111' with '0000000100110001' at mapper[0073]
Warning in line 6: overwriting '0000000000001111' with '0000000100110001' at mapper[0074]
Warning in line 6: overwriting '0000000000001111' with '0000000100110001' at mapper[0075]
Warning in line 6: overwriting '0000000000001111' with '0000000100110001' at mapper[0076]
Warning in line 6: overwriting '0000000000001111' with '0000000100110001' at mapper[0077]
Warning in line 6: overwriting '0000000000001111' with '0000000100110001' at mapper[0078]
Warning in line 6: overwriting '0000000000001111' with '0000000100110001' at mapper[0079]
Warning in line 6: overwriting '0000000000001111' with '0000000100110001' at mapper[007A]
Warning in line 6: overwriting '0000000000001111' with '0000000100110001' at mapper[007B]
Warning in line 6: overwriting '0000000000001111' with '0000000100110001' at mapper[007C]
Warning in line 6: overwriting '0000000000001111' with '0000000100110001' at mapper[007D]
Warning in line 6: overwriting '0000000000001111' with '0000000100110001' at mapper[007E]
Warning in line 6: overwriting '0000000000001111' with '0000000100110001' at mapper[007F]
Info: 64 mapper locations from 64 to 127 set to value '0000000100110001'
Info: line -1 - symbol[0131] <= '01110100_01110010_01100001_01100011_01100101_00101000_01100110_01110010_01101111_01101101_01011111_01101101_01101001_01100011_01110010_01101111_01100011_01101111_01100100_01100101_00101001_00101100_00100000_01100100_01101001_01110010_01100101_01100011_01110100_01000010_01111001_01110100_'
Info: line -1 - symbol[0132] <= '01001001_01001100_01011111_01010000_01000011_00100000_00111100_00111101_00100000_01110000_01100011_01011111_01110000_01101100_01110101_01110011_01011111_01101111_01100110_01100110_00110110_00111011_00100000_00100000_00100000_00100000_00100000_00100000_00100000_00100000_00100000_00100000_'
Info: line -1 - symbol[0133] <= '01100010_01110010_01011111_01100101_01111000_01101001_01110100_00111010_00100000_01110100_01110010_01100001_01100011_01100101_00101000_01100110_01110010_01101111_01101101_01011111_01101101_01101001_01100011_01110010_01101111_01100011_01101111_01100100_01100101_00101001_00101100_00100000_'
Info: line -1 - symbol[0134] <= '01101001_01100110_00100000_01100110_01100001_01101100_01110011_01100101_00100000_01110100_01101000_01100101_01101110_00100000_01100011_01101111_01101110_01110100_01101001_01101110_01110101_01100101_00100000_01100101_01101100_01110011_01100101_00100000_01100110_01100101_01110100_01100011_'
Warning in line 6: overwriting '0000000100110001' with '0000000100110101' at mapper[0060]
Info: Mapper location 96 set to value '0000000100110101'
Info: line -1 - symbol[0135] <= '01110100_01110010_01100001_01100011_01100101_00101000_01100110_01110010_01101111_01101101_01011111_01101101_01101001_01100011_01110010_01101111_01100011_01101111_01100100_01100101_00101001_00101100_00100000_01100100_01101001_01110010_01100101_01100011_01110100_01000010_01111001_01110100_'
Info: line -1 - symbol[0136] <= '01101001_01100110_00100000_01100110_01100001_01101100_01110011_01100101_00100000_01110100_01101000_01100101_01101110_00100000_01100011_01101111_01101110_01110100_01101001_01101110_01110101_01100101_00100000_01100101_01101100_01110011_01100101_00100000_01100010_01100001_01100100_01101111_'
Warning in line 6: overwriting '0000000000001111' with '0000000100110111' at mapper[0080]
Warning in line 6: overwriting '0000000000001111' with '0000000100110111' at mapper[0081]
Warning in line 6: overwriting '0000000000001111' with '0000000100110111' at mapper[0082]
Warning in line 6: overwriting '0000000000001111' with '0000000100110111' at mapper[0083]
Warning in line 6: overwriting '0000000000001111' with '0000000100110111' at mapper[0084]
Warning in line 6: overwriting '0000000000001111' with '0000000100110111' at mapper[0085]
Warning in line 6: overwriting '0000000000001111' with '0000000100110111' at mapper[0086]
Warning in line 6: overwriting '0000000000001111' with '0000000100110111' at mapper[0087]
Warning in line 6: overwriting '0000000000001111' with '0000000100110111' at mapper[0088]
Warning in line 6: overwriting '0000000000001111' with '0000000100110111' at mapper[0089]
Warning in line 6: overwriting '0000000000001111' with '0000000100110111' at mapper[008A]
Warning in line 6: overwriting '0000000000001111' with '0000000100110111' at mapper[008B]
Warning in line 6: overwriting '0000000000001111' with '0000000100110111' at mapper[008C]
Warning in line 6: overwriting '0000000000001111' with '0000000100110111' at mapper[008D]
Warning in line 6: overwriting '0000000000001111' with '0000000100110111' at mapper[008E]
Warning in line 6: overwriting '0000000000001111' with '0000000100110111' at mapper[008F]
Warning in line 6: overwriting '0000000000001111' with '0000000100110111' at mapper[0090]
Warning in line 6: overwriting '0000000000001111' with '0000000100110111' at mapper[0091]
Warning in line 6: overwriting '0000000000001111' with '0000000100110111' at mapper[0092]
Warning in line 6: overwriting '0000000000001111' with '0000000100110111' at mapper[0093]
Warning in line 6: overwriting '0000000000001111' with '0000000100110111' at mapper[0094]
Warning in line 6: overwriting '0000000000001111' with '0000000100110111' at mapper[0095]
Warning in line 6: overwriting '0000000000001111' with '0000000100110111' at mapper[0096]
Warning in line 6: overwriting '0000000000001111' with '0000000100110111' at mapper[0097]
Warning in line 6: overwriting '0000000000001111' with '0000000100110111' at mapper[0098]
Warning in line 6: overwriting '0000000000001111' with '0000000100110111' at mapper[0099]
Warning in line 6: overwriting '0000000000001111' with '0000000100110111' at mapper[009A]
Warning in line 6: overwriting '0000000000001111' with '0000000100110111' at mapper[009B]
Warning in line 6: overwriting '0000000000001111' with '0000000100110111' at mapper[009C]
Warning in line 6: overwriting '0000000000001111' with '0000000100110111' at mapper[009D]
Warning in line 6: overwriting '0000000000001111' with '0000000100110111' at mapper[009E]
Warning in line 6: overwriting '0000000000001111' with '0000000100110111' at mapper[009F]
Info: 32 mapper locations from 128 to 159 set to value '0000000100110111'
Info: line -1 - symbol[0137] <= '01110100_01110010_01100001_01100011_01100101_00101000_01100110_01110010_01101111_01101101_01011111_01101101_01101001_01100011_01110010_01101111_01100011_01101111_01100100_01100101_00101001_00101100_00100000_01100100_01101001_01110010_01100101_01100011_01110100_01000010_01111001_01110100_'
Info: line -1 - symbol[0138] <= '01010100_00100000_00111100_00111101_00100000_01001001_01001100_01011111_01010000_01000011_00101100_00100000_01000010_01010000_00100000_00111100_00111101_00100000_01110011_01100001_01110110_01100101_00101100_00100000_01110011_01101011_01101001_01110000_01010011_01110000_01100001_01100011_'
Info: line -1 - symbol[0139] <= '01100010_01100011_01011111_01101100_01101111_01101111_01110000_00111010_00100000_01110100_01110010_01100001_01100011_01100101_00101000_01100110_01110010_01101111_01101101_01011111_01101101_01101001_01100011_01110010_01101111_01100011_01101111_01100100_01100101_00101001_00101100_00100000_'
Info: line -1 - symbol[013A] <= '01110010_01100101_01100001_01100100_01000011_01101111_01110010_01100101_00101000_01000010_01010000_00101001_00111011_00100000_00100000_00100000_00100000_00100000_00100000_00100000_00100000_00100000_00100000_00100000_00100000_00100000_00100000_00100000_00100000_00100000_00100000_00100000_'
Info: line -1 - symbol[013B] <= '01101001_01100110_00100000_01001101_01000100_01010010_01011111_01001101_01000001_01010100_01000011_01001000_01000101_01010011_01011111_01001001_01001100_01000011_01001111_01000100_01000101_01000010_01011001_01010100_01000101_00100000_01110100_01101000_01100101_01101110_00100000_01101110_'
Info: line -1 - symbol[013C] <= '01101001_01100110_00100000_01001001_01001100_01000011_01001111_01000100_01000101_01000010_01011001_01010100_01000101_01011111_01000010_01001001_01010100_00110111_00100000_01110100_01101000_01100101_01101110_00100000_01100010_01100011_01011111_01101101_01100001_01110100_01100011_01101000_'
Info: line -1 - symbol[013D] <= '01000010_01010000_00100000_00111100_00111101_00100000_01101001_01101110_01100011_00101100_00100000_01001001_01001100_01011111_01010000_01000011_00100000_00111100_00111101_00100000_01101001_01101110_01100011_00101100_00100000_01101001_01100110_00100000_01100110_01100001_01101100_01110011_'
Info: line -1 - symbol[013E] <= '01100010_01100011_01011111_01101101_01100001_01110100_01100011_01101000_00111010_00100000_01000010_01010000_00100000_00111100_00111101_00100000_01101001_01101110_01100011_00101100_00100000_01001001_01001100_01011111_01010000_01000011_00100000_00111100_00111101_00100000_01101001_01101110_'
Info: line -1 - symbol[013F] <= '01110100_01110010_01100001_01100011_01100101_01000010_01010000_00101000_00101001_00111011_00100000_00100000_00100000_00100000_00100000_00100000_00100000_00100000_00100000_00100000_00100000_00100000_00100000_00100000_00100000_00100000_00100000_00100000_00100000_00100000_00100000_00100000_'
Info: line -1 - symbol[0140] <= '01101001_01100110_00100000_01100110_01100001_01101100_01110011_01100101_00100000_01110100_01101000_01100101_01101110_00100000_01100011_01101111_01101110_01110100_01101001_01101110_01110101_01100101_00100000_01100101_01101100_01110011_01100101_00100000_01100110_01100101_01110100_01100011_'
Info: line -1 - symbol[0141] <= '01100010_01100011_01011111_01100101_01111000_01101001_01110100_00111010_00100000_01000010_01010000_00100000_00111100_00111101_00100000_01110010_01100101_01100011_01100001_01101100_01101100_00101100_00100000_01001001_01001100_01011111_01010000_01000011_00100000_00111100_00111101_00100000_'
Info: line -1 - symbol[0142] <= '01110100_01110010_01100001_01100011_01100101_01000010_01010000_00101000_00101001_00111011_00100000_00100000_00100000_00100000_00100000_00100000_00100000_00100000_00100000_00100000_00100000_00100000_00100000_00100000_00100000_00100000_00100000_00100000_00100000_00100000_00100000_00100000_'
Info: line -1 - symbol[0143] <= '01001001_01001100_01011111_01010000_01000011_00100000_00111100_00111101_00100000_01110000_01100011_01011111_01110000_01101100_01110101_01110011_01011111_01101111_01100110_01100110_00110101_00101100_00100000_01101001_01100110_00100000_01001111_01000110_01000110_01011111_01001001_01010011_'
Warning in line 6: overwriting '0000000000001111' with '0000000101000100' at mapper[00A0]
Warning in line 6: overwriting '0000000000001111' with '0000000101000100' at mapper[00A1]
Warning in line 6: overwriting '0000000000001111' with '0000000101000100' at mapper[00A2]
Warning in line 6: overwriting '0000000000001111' with '0000000101000100' at mapper[00A3]
Warning in line 6: overwriting '0000000000001111' with '0000000101000100' at mapper[00A4]
Warning in line 6: overwriting '0000000000001111' with '0000000101000100' at mapper[00A5]
Warning in line 6: overwriting '0000000000001111' with '0000000101000100' at mapper[00A6]
Warning in line 6: overwriting '0000000000001111' with '0000000101000100' at mapper[00A7]
Warning in line 6: overwriting '0000000000001111' with '0000000101000100' at mapper[00A8]
Warning in line 6: overwriting '0000000000001111' with '0000000101000100' at mapper[00A9]
Warning in line 6: overwriting '0000000000001111' with '0000000101000100' at mapper[00AA]
Warning in line 6: overwriting '0000000000001111' with '0000000101000100' at mapper[00AB]
Warning in line 6: overwriting '0000000000001111' with '0000000101000100' at mapper[00AC]
Warning in line 6: overwriting '0000000000001111' with '0000000101000100' at mapper[00AD]
Warning in line 6: overwriting '0000000000001111' with '0000000101000100' at mapper[00AE]
Warning in line 6: overwriting '0000000000001111' with '0000000101000100' at mapper[00AF]
Warning in line 6: overwriting '0000000000001111' with '0000000101000100' at mapper[00B0]
Warning in line 6: overwriting '0000000000001111' with '0000000101000100' at mapper[00B1]
Warning in line 6: overwriting '0000000000001111' with '0000000101000100' at mapper[00B2]
Warning in line 6: overwriting '0000000000001111' with '0000000101000100' at mapper[00B3]
Warning in line 6: overwriting '0000000000001111' with '0000000101000100' at mapper[00B4]
Warning in line 6: overwriting '0000000000001111' with '0000000101000100' at mapper[00B5]
Warning in line 6: overwriting '0000000000001111' with '0000000101000100' at mapper[00B6]
Warning in line 6: overwriting '0000000000001111' with '0000000101000100' at mapper[00B7]
Warning in line 6: overwriting '0000000000001111' with '0000000101000100' at mapper[00B8]
Warning in line 6: overwriting '0000000000001111' with '0000000101000100' at mapper[00B9]
Warning in line 6: overwriting '0000000000001111' with '0000000101000100' at mapper[00BA]
Warning in line 6: overwriting '0000000000001111' with '0000000101000100' at mapper[00BB]
Warning in line 6: overwriting '0000000000001111' with '0000000101000100' at mapper[00BC]
Warning in line 6: overwriting '0000000000001111' with '0000000101000100' at mapper[00BD]
Warning in line 6: overwriting '0000000000001111' with '0000000101000100' at mapper[00BE]
Warning in line 6: overwriting '0000000000001111' with '0000000101000100' at mapper[00BF]
Info: 32 mapper locations from 160 to 191 set to value '0000000101000100'
Info: line -1 - symbol[0144] <= '01110100_01110010_01100001_01100011_01100101_00101000_01100110_01110010_01101111_01101101_01011111_01101101_01101001_01100011_01110010_01101111_01100011_01101111_01100100_01100101_00101001_00101100_00100000_01100100_01101001_01110010_01100101_01100011_01110100_01000010_01111001_01110100_'
Info: line -1 - symbol[0145] <= '01110011_01101011_01101001_01110000_01010011_01110000_01100001_01100011_01100101_01110011_00101000_00101001_00111011_00100000_00100000_00100000_00100000_00100000_00100000_00100000_00100000_00100000_00100000_00100000_00100000_00100000_00100000_00100000_00100000_00100000_00100000_00100000_'
Info: line -1 - symbol[0146] <= '01001101_01000100_01010010_00100000_00111100_00111101_00100000_01010100_01101111_01010101_01110000_01110000_01100101_01110010_00101100_00100000_01101001_01100110_00100000_01001101_01000100_01010010_01011111_01001001_01010011_01011111_01000001_01001100_01010000_01001000_01000001_00100000_'
Info: line -1 - symbol[0147] <= '01001001_01001100_01011111_01010000_01000011_00100000_00111100_00111101_00100000_01110000_01100011_01011111_01110000_01101100_01110101_01110011_01011111_01101111_01100110_01100110_00110101_00101100_00100000_01101001_01100110_00100000_01001111_01000110_01000110_01011111_01001001_01010011_'
Info: line -1 - symbol[0148] <= '01100010_01110110_01011111_01100101_01111000_01100101_01100011_00111010_00100000_01010100_00100000_00111100_00111101_00100000_01001101_01000100_01010010_01111000_00110010_00101100_00100000_01101001_01100110_00100000_01010011_01010100_01000001_01000011_01001011_01011111_01001001_01010011_'
Info: line -1 - symbol[0149] <= '01000101_01111000_01110000_01010011_01110100_01100001_01100011_01101011_00100000_00111100_00111101_00100000_01110000_01110101_01110011_01101000_01011111_01010100_01000010_01111001_01110100_01100101_00101100_00100000_01000010_01010000_00100000_00111100_00111101_00100000_01101001_01101110_'
Warning in line 6: overwriting '0000000000001111' with '0000000101001010' at mapper[00C0]
Warning in line 6: overwriting '0000000000001111' with '0000000101001010' at mapper[00C1]
Warning in line 6: overwriting '0000000000001111' with '0000000101001010' at mapper[00C2]
Warning in line 6: overwriting '0000000000001111' with '0000000101001010' at mapper[00C3]
Warning in line 6: overwriting '0000000000001111' with '0000000101001010' at mapper[00C4]
Warning in line 6: overwriting '0000000000001111' with '0000000101001010' at mapper[00C5]
Warning in line 6: overwriting '0000000000001111' with '0000000101001010' at mapper[00C6]
Warning in line 6: overwriting '0000000000001111' with '0000000101001010' at mapper[00C7]
Warning in line 6: overwriting '0000000000001111' with '0000000101001010' at mapper[00C8]
Warning in line 6: overwriting '0000000000001111' with '0000000101001010' at mapper[00C9]
Warning in line 6: overwriting '0000000000001111' with '0000000101001010' at mapper[00CA]
Warning in line 6: overwriting '0000000000001111' with '0000000101001010' at mapper[00CB]
Warning in line 6: overwriting '0000000000001111' with '0000000101001010' at mapper[00CC]
Warning in line 6: overwriting '0000000000001111' with '0000000101001010' at mapper[00CD]
Warning in line 6: overwriting '0000000000001111' with '0000000101001010' at mapper[00CE]
Warning in line 6: overwriting '0000000000001111' with '0000000101001010' at mapper[00CF]
Warning in line 6: overwriting '0000000000001111' with '0000000101001010' at mapper[00D0]
Warning in line 6: overwriting '0000000000001111' with '0000000101001010' at mapper[00D1]
Warning in line 6: overwriting '0000000000001111' with '0000000101001010' at mapper[00D2]
Warning in line 6: overwriting '0000000000001111' with '0000000101001010' at mapper[00D3]
Warning in line 6: overwriting '0000000000001111' with '0000000101001010' at mapper[00D4]
Warning in line 6: overwriting '0000000000001111' with '0000000101001010' at mapper[00D5]
Warning in line 6: overwriting '0000000000001111' with '0000000101001010' at mapper[00D6]
Warning in line 6: overwriting '0000000000001111' with '0000000101001010' at mapper[00D7]
Warning in line 6: overwriting '0000000000001111' with '0000000101001010' at mapper[00D8]
Warning in line 6: overwriting '0000000000001111' with '0000000101001010' at mapper[00D9]
Warning in line 6: overwriting '0000000000001111' with '0000000101001010' at mapper[00DA]
Warning in line 6: overwriting '0000000000001111' with '0000000101001010' at mapper[00DB]
Warning in line 6: overwriting '0000000000001111' with '0000000101001010' at mapper[00DC]
Warning in line 6: overwriting '0000000000001111' with '0000000101001010' at mapper[00DD]
Warning in line 6: overwriting '0000000000001111' with '0000000101001010' at mapper[00DE]
Warning in line 6: overwriting '0000000000001111' with '0000000101001010' at mapper[00DF]
Info: 32 mapper locations from 192 to 223 set to value '0000000101001010'
Info: line -1 - symbol[014A] <= '01110100_01110010_01100001_01100011_01100101_00101000_01100110_01110010_01101111_01101101_01011111_01101101_01101001_01100011_01110010_01101111_01100011_01101111_01100100_01100101_00101001_00101100_00100000_01100100_01101001_01110010_01100101_01100011_01110100_01000010_01111001_01110100_'
Info: line -1 - symbol[014B] <= '01110011_01101011_01101001_01110000_01010011_01110000_01100001_01100011_01100101_01110011_00101000_00101001_00111011_00100000_00100000_00100000_00100000_00100000_00100000_00100000_00100000_00100000_00100000_00100000_00100000_00100000_00100000_00100000_00100000_00100000_00100000_00100000_'
Info: line -1 - symbol[014C] <= '01100001_01101100_01110101_00100000_00111100_00111101_00100000_01110010_01100101_01110011_01100101_01110100_00110000_00101100_00100000_01101001_01100110_00100000_01001101_01000100_01010010_01011111_01001001_01010011_01011111_01001110_01010101_01001101_00100000_01110100_01101000_01100101_'
Info: line -1 - symbol[014D] <= '01001001_01001100_01011111_01010000_01000011_00100000_00111100_00111101_00100000_01110000_01100011_01011111_01110000_01101100_01110101_01110011_01011111_01101111_01100110_01100110_00110101_00101100_00100000_01101001_01100110_00100000_01001111_01000110_01000110_01011111_01001001_01010011_'
Info: line -1 - symbol[014E] <= '01100010_01101110_01011111_01100101_01111000_01101001_01110100_00111010_00100000_01110100_01110010_01100001_01100011_01100101_01011001_00101000_00101001_00111011_00100000_00100000_00100000_00100000_00100000_00100000_00100000_00100000_00100000_00100000_00100000_00100000_00100000_00100000_'
Info: line -1 - symbol[014F] <= '01110100_01110010_01100001_01100011_01100101_00101000_01100110_01110010_01101111_01101101_01011111_01101101_01101001_01100011_01110010_01101111_01100011_01101111_01100100_01100101_00101001_00101100_00100000_01100100_01101001_01110010_01100101_01100011_01110100_01000010_01111001_01110100_'
Info: line -1 - symbol[0150] <= '01101001_01100110_00100000_01100110_01100001_01101100_01110011_01100101_00100000_01110100_01101000_01100101_01101110_00100000_01100011_01101111_01101110_01110100_01101001_01101110_01110101_01100101_00100000_01100101_01101100_01110011_01100101_00100000_01100110_01100101_01110100_01100011_'
Info: line -1 - symbol[0151] <= '01100010_01101110_01011111_01101100_01101111_01101111_01110000_00111010_00100000_01100001_01101100_01110101_00100000_00111100_00111101_00100000_01011001_01111000_00110001_00110000_01011111_01110000_01101100_01110101_01110011_01011111_01001101_01000100_01010010_00101100_00100000_01000010_'
Info: line -1 - symbol[0152] <= '01101001_01100110_00100000_01000001_01001100_01010101_01011111_01001111_01010110_01000101_01010010_01000110_01001100_01001111_01010111_00100000_01110100_01101000_01100101_01101110_00100000_01001111_01010110_01000101_01010010_01000110_01001100_01001111_01010111_01011111_01000101_01010010_'
Info: line -1 - symbol[0153] <= '01110010_01100101_01100001_01100100_01000011_01101111_01110010_01100101_00101000_01000010_01010000_00101001_00111011_00100000_00100000_00100000_00100000_00100000_00100000_00100000_00100000_00100000_00100000_00100000_00100000_00100000_00100000_00100000_00100000_00100000_00100000_00100000_'
Info: line -1 - symbol[0154] <= '01101001_01100110_00100000_01001101_01000100_01010010_01011111_01001001_01010011_01011111_01001110_01010101_01001101_00100000_01110100_01101000_01100101_01101110_00100000_01100010_01101110_01011111_01101100_01101111_01101111_01110000_00111011_00100000_00100000_00100000_00100000_00100000_'
Info: line -1 - symbol[0155] <= '01010100_00100000_00111100_00111101_00100000_01100110_01110010_01101111_01101101_01011111_01011001_01001100_01101111_00101100_00100000_01101001_01100110_00100000_01010011_01010100_01000001_01000011_01001011_01011111_01001001_01010011_01011111_01000110_01010101_01001100_01001100_00100000_'
Info: line -1 - symbol[0156] <= '01000101_01111000_01110000_01010011_01110100_01100001_01100011_01101011_00100000_00111100_00111101_00100000_01110000_01110101_01110011_01101000_01011111_01010100_01010111_01101111_01110010_01100100_00101100_00100000_01101001_01100110_00100000_01100110_01100001_01101100_01110011_01100101_'
Warning in line 6: overwriting '0000000000001111' with '0000000101010111' at mapper[00E0]
Warning in line 6: overwriting '0000000000001111' with '0000000101010111' at mapper[00E1]
Warning in line 6: overwriting '0000000000001111' with '0000000101010111' at mapper[00E2]
Warning in line 6: overwriting '0000000000001111' with '0000000101010111' at mapper[00E3]
Warning in line 6: overwriting '0000000000001111' with '0000000101010111' at mapper[00E4]
Warning in line 6: overwriting '0000000000001111' with '0000000101010111' at mapper[00E5]
Warning in line 6: overwriting '0000000000001111' with '0000000101010111' at mapper[00E6]
Warning in line 6: overwriting '0000000000001111' with '0000000101010111' at mapper[00E7]
Warning in line 6: overwriting '0000000000001111' with '0000000101010111' at mapper[00E8]
Warning in line 6: overwriting '0000000000001111' with '0000000101010111' at mapper[00E9]
Warning in line 6: overwriting '0000000000001111' with '0000000101010111' at mapper[00EA]
Warning in line 6: overwriting '0000000000001111' with '0000000101010111' at mapper[00EB]
Warning in line 6: overwriting '0000000000001111' with '0000000101010111' at mapper[00EC]
Warning in line 6: overwriting '0000000000001111' with '0000000101010111' at mapper[00ED]
Warning in line 6: overwriting '0000000000001111' with '0000000101010111' at mapper[00EE]
Warning in line 6: overwriting '0000000000001111' with '0000000101010111' at mapper[00EF]
Warning in line 6: overwriting '0000000000001111' with '0000000101010111' at mapper[00F0]
Warning in line 6: overwriting '0000000000001111' with '0000000101010111' at mapper[00F1]
Warning in line 6: overwriting '0000000000001111' with '0000000101010111' at mapper[00F2]
Warning in line 6: overwriting '0000000000001111' with '0000000101010111' at mapper[00F3]
Warning in line 6: overwriting '0000000000001111' with '0000000101010111' at mapper[00F4]
Warning in line 6: overwriting '0000000000001111' with '0000000101010111' at mapper[00F5]
Warning in line 6: overwriting '0000000000001111' with '0000000101010111' at mapper[00F6]
Warning in line 6: overwriting '0000000000001111' with '0000000101010111' at mapper[00F7]
Warning in line 6: overwriting '0000000000001111' with '0000000101010111' at mapper[00F8]
Warning in line 6: overwriting '0000000000001111' with '0000000101010111' at mapper[00F9]
Warning in line 6: overwriting '0000000000001111' with '0000000101010111' at mapper[00FA]
Warning in line 6: overwriting '0000000000001111' with '0000000101010111' at mapper[00FB]
Warning in line 6: overwriting '0000000000001111' with '0000000101010111' at mapper[00FC]
Warning in line 6: overwriting '0000000000001111' with '0000000101010111' at mapper[00FD]
Warning in line 6: overwriting '0000000000001111' with '0000000101010111' at mapper[00FE]
Warning in line 6: overwriting '0000000000001111' with '0000000101010111' at mapper[00FF]
Info: 32 mapper locations from 224 to 255 set to value '0000000101010111'
Info: line -1 - symbol[0157] <= '01110100_01110010_01100001_01100011_01100101_00101000_01100110_01110010_01101111_01101101_01011111_01101101_01101001_01100011_01110010_01101111_01100011_01101111_01100100_01100101_00101001_00101100_00100000_01100100_01101001_01110010_01100101_01100011_01110100_01000010_01111001_01110100_'
Info: line -1 - symbol[0158] <= '01110011_01101011_01101001_01110000_01010011_01110000_01100001_01100011_01100101_01110011_00101000_00101001_00111011_00100000_00100000_00100000_00100000_00100000_00100000_00100000_00100000_00100000_00100000_00100000_00100000_00100000_00100000_00100000_00100000_00100000_00100000_00100000_'
Info: line -1 - symbol[0159] <= '01100100_01101001_01110010_01100101_01100011_01110100_01000010_01111001_01110100_01100101_00100000_00111101_00100000_00110000_01111000_00110000_01000100_00101100_00100000_01101001_01100110_00100000_01001101_01000100_01010010_01011111_01000101_01010001_01010101_01011111_01000100_01000010_'
Info: line -1 - symbol[015A] <= '01001001_01001100_01011111_01010000_01000011_00100000_00111100_00111101_00100000_01110000_01100011_01011111_01110000_01101100_01110101_01110011_01011111_01101111_01100110_01100110_00110101_00101100_00100000_01101001_01100110_00100000_01001111_01000110_01000110_01011111_01001001_01010011_'
Info: line -1 - symbol[015B] <= '01000010_01010010_01000101_01000001_01001011_00111010_00100000_01100111_01101111_01110100_01000011_01101000_01100001_01110010_00100000_00111101_00100000_00110001_00101100_00100000_01110100_01110010_01100001_01100011_01100101_00101000_01100110_01110010_01101111_01101101_01011111_01101101_'
Info: line -1 - symbol[015C] <= '01101111_01110101_01110100_01000010_01100101_01100101_01110000_00101000_00101001_00111011_00100000_00100000_00100000_00100000_00100000_00100000_00100000_00100000_00100000_00100000_00100000_00100000_00100000_00100000_00100000_00100000_00100000_00100000_00100000_00100000_00100000_00100000_'
Info: line -1 - symbol[015D] <= '01100100_01101001_01110010_01100101_01100011_01110100_01000010_01111001_01110100_01100101_00100000_00111101_00100000_00100111_01000010_00100111_00101100_00100000_01101111_01110101_01110100_01000011_01101000_01100001_01110010_00101000_01100110_01110010_01101111_01101101_01011111_01101101_'
Info: line -1 - symbol[015E] <= '01101001_01100110_00100000_01100110_01100001_01101100_01110011_01100101_00100000_01110100_01101000_01100101_01101110_00100000_01100011_01101111_01101110_01110100_01101001_01101110_01110101_01100101_00100000_01100101_01101100_01110011_01100101_00100000_01110100_01110010_01100001_01100011_'
Info: line -1 - symbol[015F] <= '01001110_01001111_01010000_01010010_01001111_01000111_01011111_01000101_01010010_01010010_00111010_00100000_01110100_01110010_01100001_01100011_01100101_00101000_01100110_01110010_01101111_01101101_01011111_01101101_01101001_01100011_01110010_01101111_01100011_01101111_01100100_01100101_'
Info: line -1 - symbol[0160] <= '01101001_01100110_00100000_01100110_01100001_01101100_01110011_01100101_00100000_01110100_01101000_01100101_01101110_00100000_01100011_01101111_01101110_01110100_01101001_01101110_01110101_01100101_00100000_01100101_01101100_01110011_01100101_00100000_01110100_01110010_01100001_01100011_'
Info: line -1 - symbol[0161] <= '01000100_01001001_01010110_01000010_01011001_00110000_01011111_01000101_01010010_01010010_00111010_00100000_01110100_01110010_01100001_01100011_01100101_00101000_01100110_01110010_01101111_01101101_01011111_01101101_01101001_01100011_01110010_01101111_01100011_01101111_01100100_01100101_'
Info: line -1 - symbol[0162] <= '01101001_01100110_00100000_01100110_01100001_01101100_01110011_01100101_00100000_01110100_01101000_01100101_01101110_00100000_01100011_01101111_01101110_01110100_01101001_01101110_01110101_01100101_00100000_01100101_01101100_01110011_01100101_00100000_01110100_01110010_01100001_01100011_'
Info: line -1 - symbol[0163] <= '01001111_01010110_01000101_01010010_01000110_01001100_01001111_01010111_01011111_01000101_01010010_01010010_00111010_00100000_01110100_01110010_01100001_01100011_01100101_00101000_01100110_01110010_01101111_01101101_01011111_01101101_01101001_01100011_01110010_01101111_01100011_01101111_'
Info: line -1 - symbol[0164] <= '01101001_01100110_00100000_01100110_01100001_01101100_01110011_01100101_00100000_01110100_01101000_01100101_01101110_00100000_01100011_01101111_01101110_01110100_01101001_01101110_01110101_01100101_00100000_01100101_01101100_01110011_01100101_00100000_01110100_01110010_01100001_01100011_'
Info: line -1 - symbol[0165] <= '01010011_01011001_01001110_01010100_01000001_01011000_01011111_01000101_01010010_01010010_00111010_00100000_01110100_01110010_01100001_01100011_01100101_00101000_01100110_01110010_01101111_01101101_01011111_01101101_01101001_01100011_01110010_01101111_01100011_01101111_01100100_01100101_'
Info: line -1 - symbol[0166] <= '01101001_01100110_00100000_01100110_01100001_01101100_01110011_01100101_00100000_01110100_01101000_01100101_01101110_00100000_01100011_01101111_01101110_01110100_01101001_01101110_01110101_01100101_00100000_01100101_01101100_01110011_01100101_00100000_01110100_01110010_01100001_01100011_'
Info: line -1 - symbol[0167] <= '01001001_01001110_01010100_01000101_01010010_01001110_01000001_01001100_01011111_01000101_01010010_01010010_00111010_00100000_01110100_01110010_01100001_01100011_01100101_00101000_01100110_01110010_01101111_01101101_01011111_01101101_01101001_01100011_01110010_01101111_01100011_01101111_'
Info: line -1 - symbol[0168] <= '01101001_01100110_00100000_01100110_01100001_01101100_01110011_01100101_00100000_01110100_01101000_01100101_01101110_00100000_01100011_01101111_01101110_01110100_01101001_01101110_01110101_01100101_00100000_01100101_01101100_01110011_01100101_00100000_01110100_01110010_01100001_01100011_'
Info: line -1 - symbol[0169] <= '01000101_01010011_01010100_01000001_01000011_01001011_01011111_01000101_01010010_01010010_00111010_00100000_01110100_01110010_01100001_01100011_01100101_00101000_01100110_01110010_01101111_01101101_01011111_01101101_01101001_01100011_01110010_01101111_01100011_01101111_01100100_01100101_'
Info: line -1 - symbol[016A] <= '01101001_01100110_00100000_01100110_01100001_01101100_01110011_01100101_00100000_01110100_01101000_01100101_01101110_00100000_01100011_01101111_01101110_01110100_01101001_01101110_01110101_01100101_00100000_01100101_01101100_01110011_01100101_00100000_01110100_01110010_01100001_01100011_'
Info: line -1 - symbol[016B] <= '01010010_01010011_01010100_01000001_01000011_01001011_01011111_01000101_01010010_01010010_00111010_00100000_01110100_01110010_01100001_01100011_01100101_00101000_01100110_01110010_01101111_01101101_01011111_01101101_01101001_01100011_01110010_01101111_01100011_01101111_01100100_01100101_'
Info: line -1 - symbol[016C] <= '01101001_01100110_00100000_01100110_01100001_01101100_01110011_01100101_00100000_01110100_01101000_01100101_01101110_00100000_01100011_01101111_01101110_01110100_01101001_01101110_01110101_01100101_00100000_01100101_01101100_01110011_01100101_00100000_01110100_01110010_01100001_01100011_'
Info: line -1 - symbol[016D] <= '01000010_01010011_01010100_01000001_01000011_01001011_01011111_01000101_01010010_01010010_00111010_00100000_01110100_01110010_01100001_01100011_01100101_00101000_01100110_01110010_01101111_01101101_01011111_01101101_01101001_01100011_01110010_01101111_01100011_01101111_01100100_01100101_'
Info: line -1 - symbol[016E] <= '01110100_01110010_01100001_01100011_01100101_01000101_01110010_01110010_01101111_01110010_00111010_00100000_01101111_01110101_01110100_01000010_01100101_01100101_01110000_00101000_00101001_00111011_00100000_00100000_00100000_00100000_00100000_00100000_00100000_00100000_00100000_00100000_'
Info: line -1 - symbol[016F] <= '01100100_01101001_01110010_01100101_01100011_01110100_01000010_01111001_01110100_01100101_00100000_00111101_00100000_00100111_01000101_00100111_00101100_00100000_01101111_01110101_01110100_01000011_01101000_01100001_01110010_00101000_01100110_01110010_01101111_01101101_01011111_01101101_'
Info: line -1 - symbol[0170] <= '01110100_01110010_01100001_01100011_01100101_01000100_01100101_01110100_01100001_01101001_01101100_01110011_00111010_00100000_01100100_01101001_01110010_01100101_01100011_01110100_01000010_01111001_01110100_01100101_00100000_00111101_00100000_00100111_00100011_00100111_00101100_00100000_'
Info: line -1 - symbol[0171] <= '01010100_00100000_00111100_00111101_00100000_01100100_01100101_01100011_00111011_00100000_00100000_00100000_00100000_00100000_00100000_00100000_00100000_00100000_00100000_00100000_00100000_00100000_00100000_00100000_00100000_00100000_00100000_00100000_00100000_00100000_00100000_00100000_'
Info: line -1 - symbol[0172] <= '01100001_01101100_01110101_00100000_00111100_00111101_00100000_01010010_01011111_01100110_01110010_01101111_01101101_01010100_00101100_00100000_01110000_01110010_01101001_01101110_01110100_01000100_01100101_01100011_01010010_00101000_00101001_00111011_00100000_00100000_00100000_00100000_'
Info: line -1 - symbol[0173] <= '01101001_01100110_00100000_01001001_01010011_01011111_01010010_01010101_01001110_01001101_01001111_01000100_01000101_00100000_01110100_01101000_01100101_01101110_00100000_01101110_01100101_01111000_01110100_00100000_01100101_01101100_01110011_01100101_00100000_01100101_01110010_01110010_'
Info: line -1 - symbol[0174] <= '01110000_01110010_01101001_01101110_01110100_01011111_01101100_01101001_01101110_01101111_00111010_00100000_01100100_01101001_01110010_01100101_01100011_01110100_01000010_01111001_01110100_01100101_00100000_00111101_00100000_00100111_00100000_00100111_00101100_00100000_01101111_01110101_'
Info: line -1 - symbol[0175] <= '01100100_01101001_01110010_01100101_01100011_01110100_01000010_01111001_01110100_01100101_00100000_00111101_00100000_00100111_01000001_00100111_00101100_00100000_01101111_01110101_01110100_01000011_01101000_01100001_01110010_00101000_01100110_01110010_01101111_01101101_01011111_01101101_'
Info: line -1 - symbol[0176] <= '01100100_01101001_01110010_01100101_01100011_01110100_01000010_01111001_01110100_01100101_00100000_00111101_00100000_00100111_01010100_00100111_00101100_00100000_01101111_01110101_01110100_01000011_01101000_01100001_01110010_00101000_01100110_01110010_01101111_01101101_01011111_01101101_'
Info: line -1 - symbol[0177] <= '01100100_01101001_01110010_01100101_01100011_01110100_01000010_01111001_01110100_01100101_00100000_00111101_00100000_00100111_00100000_00100111_00101100_00100000_01101111_01110101_01110100_01000011_01101000_01100001_01110010_00101000_01100110_01110010_01101111_01101101_01011111_01101101_'
Info: line -1 - symbol[0178] <= '01010100_00100000_00111100_00111101_00100000_01100110_01110010_01101111_01101101_01011111_01010011_00111011_00100000_00100000_00100000_00100000_00100000_00100000_00100000_00100000_00100000_00100000_00100000_00100000_00100000_00100000_00100000_00100000_00100000_00100000_00100000_00100000_'
Info: line -1 - symbol[0179] <= '01100001_01101100_01110101_00100000_00111100_00111101_00100000_01010010_01011111_01100110_01110010_01101111_01101101_01010100_00101100_00100000_01110000_01110010_01101001_01101110_01110100_01000100_01100101_01100011_01010010_00101000_00101001_00111011_00100000_00100000_00100000_00100000_'
Info: line -1 - symbol[017A] <= '01100100_01101001_01110010_01100101_01100011_01110100_01000010_01111001_01110100_01100101_00100000_00111101_00100000_00100111_00100000_00100111_00101100_00100000_01101111_01110101_01110100_01000011_01101000_01100001_01110010_00101000_01100110_01110010_01101111_01101101_01011111_01101101_'
Info: line -1 - symbol[017B] <= '01110000_01110010_01101001_01101110_01110100_01011001_00101000_00101001_00111011_00100000_00100000_00100000_00100000_00100000_00100000_00100000_00100000_00100000_00100000_00100000_00100000_00100000_00100000_00100000_00100000_00100000_00100000_00100000_00100000_00100000_00100000_00100000_'
Info: line -1 - symbol[017C] <= '01100101_01110010_01110010_01011111_01100100_01101111_01101110_01100101_00111010_00100000_01101111_01110101_01110100_01000011_01010010_01001100_01000110_00101000_00101001_00111011_00100000_00100000_00100000_00100000_00100000_00100000_00100000_00100000_00100000_00100000_00100000_00100000_'
Info: line -1 - symbol[017D] <= '01110100_01110010_01100001_01100011_01100101_00101000_01100011_01110010_01101100_01100110_00101001_00111011_00100000_00100000_00100000_00100000_00100000_00100000_00100000_00100000_00100000_00100000_00100000_00100000_00100000_00100000_00100000_00100000_00100000_00100000_00100000_00100000_'
Info: line -1 - symbol[017E] <= '01101001_01100110_00100000_01100110_01100001_01101100_01110011_01100101_00100000_01110100_01101000_01100101_01101110_00100000_01100011_01101111_01101110_01110100_01101001_01101110_01110101_01100101_00100000_01100101_01101100_01110011_01100101_00100000_01010111_01100001_01110010_01101101_'
Info: line -1 - symbol[017F] <= '01100110_01101001_01101110_01100100_01001110_01100101_01111000_01110100_01000011_01010010_00111010_00100000_01110010_01100101_01100001_01100100_01000011_01101111_01110010_01100101_00101000_01010100_00101001_00111011_00100000_00100000_00100000_00100000_00100000_00100000_00100000_00100000_'
Info: line -1 - symbol[0180] <= '01100100_01101001_01110010_01100101_01100011_01110100_01000010_01111001_01110100_01100101_00100000_00111101_00100000_00110000_01111000_00110000_01000100_00101100_00100000_01101001_01100110_00100000_01001101_01000100_01010010_01011111_01000101_01010001_01010101_01011111_01000100_01000010_'
Info: line -1 - symbol[0181] <= '01100100_01101001_01110010_01100101_01100011_01110100_01000010_01111001_01110100_01100101_00100000_00111101_00100000_00110000_01111000_00110000_00110000_00101100_00100000_01101001_01100110_00100000_01001101_01000100_01010010_01011111_01000101_01010001_01010101_01011111_01000100_01000010_'
Info: line -1 - symbol[0182] <= '01010100_00100000_00111100_00111101_00100000_01101001_01101110_01100011_00101100_00100000_01101001_01100110_00100000_01100110_01100001_01101100_01110011_01100101_00100000_01110100_01101000_01100101_01101110_00100000_01100011_01101111_01101110_01110100_01101001_01101110_01110101_01100101_'
Info: line -1 - symbol[0183] <= '01110010_01100101_01100001_01100100_01000011_01101111_01110010_01100101_00110001_00110110_00111010_00100000_01100001_01101100_01110101_00100000_00111100_00111101_00100000_01110010_01100101_01110011_01100101_01110100_00110001_00101100_00100000_01110010_01100101_01100001_01100100_01000011_'
Info: line -1 - symbol[0184] <= '01100001_01101100_01110101_00100000_00111100_00111101_00100000_01010010_01111000_00110010_00110101_00110110_01011111_01110000_01101100_01110101_01110011_01011111_01001101_01000100_01010010_00101100_00100000_01010100_00100000_00111100_00111101_00100000_01101001_01101110_01100011_00111011_'
Info: line -1 - symbol[0185] <= '01110010_01100101_01100001_01100100_01000011_01101111_01110010_01100101_00101000_01010100_00101001_00111011_00100000_00100000_00100000_00100000_00100000_00100000_00100000_00100000_00100000_00100000_00100000_00100000_00100000_00100000_00100000_00100000_00100000_00100000_00100000_00100000_'
Info: line -1 - symbol[0186] <= '01100001_01101100_01110101_00100000_00111100_00111101_00100000_01010010_01111000_00110010_00110101_00110110_01011111_01110000_01101100_01110101_01110011_01011111_01001101_01000100_01010010_00101100_00100000_01010100_00100000_00111100_00111101_00100000_01101001_01101110_01100011_00101100_'
Info: line -1 - symbol[0187] <= '01110111_01110010_01101001_01110100_01100101_00110010_01001110_01110101_01101100_01101100_01110011_00111010_00100000_01110111_01110010_01101001_01110100_01100101_01000011_01101111_01110010_01100101_00101000_01010100_00101100_00100000_01111010_01100101_01110010_01101111_00101001_00101100_'
Info: line -1 - symbol[0188] <= '01110111_01110010_01101001_01110100_01100101_01000011_01101111_01110010_01100101_00101000_01010100_00101100_00100000_01111010_01100101_01110010_01101111_00101001_00111011_00100000_00100000_00100000_00100000_00100000_00100000_00100000_00100000_00100000_00100000_00100000_00100000_00100000_'
Info: line -1 - symbol[0189] <= '01101001_01100110_00100000_01110100_01110010_01110101_01100101_00100000_01110100_01101000_01100101_01101110_00100000_01110010_01100101_01110100_01110101_01110010_01101110_00100000_01100101_01101100_01110011_01100101_00100000_01100011_01101111_01101110_01110100_01101001_01101110_01110101_'
Info: line -1 - symbol[018A] <= '01110000_01110101_01101100_01101100_01010010_01010011_00111010_00100000_01101001_01100110_00100000_01010011_01010100_01000001_01000011_01001011_01011111_01001001_01010011_01011111_01000101_01001101_01010000_01010100_01011001_00100000_01110100_01101000_01100101_01101110_00100000_01000101_'
Info: line -1 - symbol[018B] <= '01100001_01101100_01110101_00100000_00111100_00111101_00100000_01010010_01011111_01100110_01110010_01101111_01101101_01010011_01110100_01100001_01100011_01101011_00101100_00100000_01000101_01111000_01110000_01010011_01110100_01100001_01100011_01101011_00100000_00111100_00111101_00100000_'
Info: line -1 - symbol[018C] <= '01101001_01100110_00100000_01010011_01010100_01000001_01000011_01001011_01011111_01001001_01010011_01011111_01000101_01001101_01010000_01010100_01011001_00100000_01110100_01101000_01100101_01101110_00100000_01000101_01010011_01010100_01000001_01000011_01001011_01011111_01000101_01010010_'
Info: line -1 - symbol[018D] <= '01100001_01101100_01110101_00100000_00111100_00111101_00100000_01010011_01011111_01100110_01110010_01101111_01101101_01010011_01110100_01100001_01100011_01101011_00101100_00100000_01000101_01111000_01110000_01010011_01110100_01100001_01100011_01101011_00100000_00111100_00111101_00100000_'
Info: line -1 - symbol[018E] <= '01110000_01110010_01101001_01101110_01110100_01000100_01100101_01100011_00111010_00100000_01100001_01101100_01110101_00100000_00111100_00111101_00100000_01010010_01011111_01100110_01110010_01101111_01101101_01010011_01110100_01100001_01100011_01101011_00101100_00100000_01000101_01111000_'
Info: line -1 - symbol[018F] <= '01110000_01110010_01101001_01101110_01110100_01000100_01100101_01100011_01010010_00111010_00100000_01100001_01101100_01110101_00100000_00111100_00111101_00100000_01100010_01100011_01100100_01011111_01110011_01110100_01100001_01110010_01110100_00111011_00100000_00100000_00100000_00100000_'
Info: line -1 - symbol[0190] <= '01100001_01101100_01110101_00100000_00111100_00111101_00100000_01100010_01100011_01100100_01011111_01101110_01100101_01111000_01110100_00101100_00100000_01101001_01100110_00100000_01000001_01001100_01010101_01011111_01010010_01000101_01000001_01000100_01011001_00100000_01110100_01101000_'
Info: line -1 - symbol[0191] <= '01101001_01100110_00100000_01000001_01001100_01010101_01011111_01010011_01001001_01000111_01001110_00100000_01110100_01101000_01100101_01101110_00100000_01101110_01100101_01111000_01110100_00100000_01100101_01101100_01110011_01100101_00100000_01110000_01110010_01101001_01101110_01110100_'
Info: line -1 - symbol[0192] <= '01100100_01101001_01110010_01100101_01100011_01110100_01000010_01111001_01110100_01100101_00100000_00111101_00100000_00100111_00101101_00100111_00101100_00100000_01101111_01110101_01110100_01000011_01101000_01100001_01110010_00101000_01100110_01110010_01101111_01101101_01011111_01101101_'
Info: line -1 - symbol[0193] <= '01110000_01110010_01101001_01101110_01110100_01011001_00111010_00100000_01101111_01110101_01110100_01001110_01011010_01000011_01101000_01100001_01110010_00101000_01100110_01110010_01101111_01101101_01011111_01011001_01110100_01101111_01000001_01101100_01110000_01101000_01100001_01011010_'
Info: line -1 - symbol[0194] <= '01101111_01110101_01110100_01001110_01011010_01000011_01101000_01100001_01110010_00101000_01100110_01110010_01101111_01101101_01011111_01011001_01110100_01101111_01000001_01101100_01110000_01101000_01100001_01011010_00101001_00111011_00100000_00100000_00100000_00100000_00100000_00100000_'
Info: line -1 - symbol[0195] <= '01101111_01110101_01110100_01001110_01011010_01000011_01101000_01100001_01110010_00101000_01100110_01110010_01101111_01101101_01011111_01011001_01110100_01101111_01000001_01101100_01110000_01101000_01100001_01011010_00101001_00111011_00100000_00100000_00100000_00100000_00100000_00100000_'
Info: line -1 - symbol[0196] <= '01101111_01110101_01110100_01001110_01011010_01000011_01101000_01100001_01110010_00101000_01100110_01110010_01101111_01101101_01011111_01011001_01110100_01101111_01000001_01101100_01110000_01101000_01100001_01011010_00101001_00111011_00100000_00100000_00100000_00100000_00100000_00100000_'
Info: line -1 - symbol[0197] <= '01101111_01110101_01110100_01001110_01011010_01000011_01101000_01100001_01110010_00101000_01100110_01110010_01101111_01101101_01011111_01011001_01110100_01101111_01000001_01101100_01110000_01101000_01100001_01011010_00101001_00111011_00100000_00100000_00100000_00100000_00100000_00100000_'
Info: line -1 - symbol[0198] <= '01101111_01110101_01110100_01001110_01011010_01000011_01101000_01100001_01110010_00101000_01100110_01110010_01101111_01101101_01011111_01011001_01110100_01101111_01000001_01101100_01110000_01101000_01100001_01011010_00101001_00111011_00100000_00100000_00100000_00100000_00100000_00100000_'
Info: line -1 - symbol[0199] <= '01101111_01110101_01110100_01001110_01011010_01000011_01101000_01100001_01110010_00101000_01100110_01110010_01101111_01101101_01011111_01011001_01110100_01101111_01000001_01101100_01110000_01101000_01100001_01011010_00101001_00111011_00100000_00100000_00100000_00100000_00100000_00100000_'
Info: line -1 - symbol[019A] <= '01000011_01001000_01000001_01010010_01001111_01010101_01010100_00100000_00111100_00111101_00100000_01100110_01110010_01101111_01101101_01011111_01011001_01110100_01101111_01000001_01101100_01110000_01101000_01100001_00101100_00100000_01101001_01100110_00100000_01100110_01100001_01101100_'
Info: line -1 - symbol[019B] <= '01101111_01110101_01110100_01001110_01011010_01000011_01101000_01100001_01110010_00111010_00100000_01101111_01110101_01110100_01000011_01101000_01100001_01110010_00101000_01100110_01110010_01101111_01101101_01011111_01011001_01110100_01101111_01000001_01101100_01110000_01101000_01100001_'
Info: line -1 - symbol[019C] <= '01101111_01110101_01110100_01011111_01110011_01101011_01101001_01110000_00111010_00100000_01100001_01101100_01110101_00100000_00111100_00111101_00100000_01011001_01111000_00110001_00110110_00101100_00100000_01101001_01100110_00100000_01110100_01110010_01110101_01100101_00100000_01110100_'
Info: line -1 - symbol[019D] <= '01110011_01101011_01101001_01110000_01010011_01110000_01100001_01100011_01100101_01110011_00111010_00100000_01110010_01100101_01100001_01100100_01000011_01101111_01110010_01100101_00101000_01000010_01010000_00101001_00111011_00100000_00100000_00100000_00100000_00100000_00100000_00100000_'
Info: line -1 - symbol[019E] <= '01100100_01101001_01110010_01100101_01100011_01110100_01000010_01111001_01110100_01100101_00100000_00111101_00100000_00100111_00100000_00100111_00101100_00100000_01101001_01100110_00100000_01001101_01000100_01010010_01011111_01000101_01010001_01010101_01011111_01000100_01000010_00100000_'
Info: line -1 - symbol[019F] <= '01100100_01101001_01110010_01100101_01100011_01110100_01000010_01111001_01110100_01100101_00100000_00111101_00100000_00110000_01111000_00110000_00111001_00101100_00100000_01101001_01100110_00100000_01001101_01000100_01010010_01011111_01000101_01010001_01010101_01011111_01000100_01000010_'
Info: line -1 - symbol[01A0] <= '01110011_01101011_01101001_01110000_01010011_01110000_00111010_00100000_01000010_01010000_00100000_00111100_00111101_00100000_01101001_01101110_01100011_00101100_00100000_01101001_01100110_00100000_01100110_01100001_01101100_01110011_01100101_00100000_01110100_01101000_01100101_01101110_'
Info: line -1 - symbol[01A1] <= '01101111_01110101_01110100_01000010_01100101_01100101_01110000_00111010_00100000_01101111_01110101_01110100_01000011_01010010_01001100_01000110_00101000_00101001_00111011_00100000_00100000_00100000_00100000_00100000_00100000_00100000_00100000_00100000_00100000_00100000_00100000_00100000_'
Info: line -1 - symbol[01A2] <= '01110100_01110010_01100001_01100011_01100101_00101000_01100011_01110010_01101100_01100110_00101001_00111011_00100000_00100000_00100000_00100000_00100000_00100000_00100000_00100000_00100000_00100000_00100000_00100000_00100000_00100000_00100000_00100000_00100000_00100000_00100000_00100000_'
Info: line -1 - symbol[01A3] <= '01100100_01101001_01110010_01100101_01100011_01110100_01000010_01111001_01110100_01100101_00100000_00111101_00100000_00110000_01111000_00110000_00110111_00101100_00100000_01000011_01001000_01000001_01010010_01001111_01010101_01010100_00100000_00111100_00111101_00100000_01100110_01110010_'
Info: line -1 - symbol[01A4] <= '01101111_01110101_01110100_01000011_01010010_01001100_01000110_00111010_00100000_01100100_01101001_01110010_01100101_01100011_01110100_01000010_01111001_01110100_01100101_00100000_00111101_00100000_00110000_01111000_00110000_01000100_00101100_00100000_01101111_01110101_01110100_01000011_'
Info: line -1 - symbol[01A5] <= '01100100_01101001_01110010_01100101_01100011_01110100_01000010_01111001_01110100_01100101_00100000_00111101_00100000_00110000_01111000_00110000_01000001_00101100_00100000_01000011_01001000_01000001_01010010_01001111_01010101_01010100_00100000_00111100_00111101_00100000_01100110_01110010_'
Info: line -1 - symbol[01A6] <= '01101111_01110101_01110100_01000011_01101000_01100001_01110010_00111010_00100000_01101001_01100110_00100000_01000011_01001000_01000001_01010010_01001111_01010101_01010100_01011111_01010010_01000101_01000001_01000100_01011001_00100000_01110100_01101000_01100101_01101110_00100000_01101110_'
Info: line -1 - symbol[01A7] <= '01101001_01100110_00100000_01000011_01001000_01000001_01010010_01001111_01010101_01010100_01011111_01010010_01000101_01000001_01000100_01011001_00100000_01110100_01101000_01100101_01101110_00100000_01110010_01100101_01110100_01110101_01110010_01101110_00100000_01100101_01101100_01110011_'
Info: line -1 - symbol[01A8] <= '01110111_01110010_01101001_01110100_01100101_01000011_01101111_01110010_01100101_00111010_00100000_01101110_01010111_01010010_00100000_00111101_00100000_00110000_00101100_00100000_01101001_01100110_00100000_01101110_01000010_01010101_01010011_01000001_01000011_01001011_00100000_01110100_'
Info: line -1 - symbol[01A9] <= '01110010_01100101_01100001_01100100_01000011_01101111_01110010_01100101_00111010_00100000_01101110_01010010_01000100_00100000_00111101_00100000_00110000_00101100_00100000_01101001_01100110_00100000_01101110_01000010_01010101_01010011_01000001_01000011_01001011_00100000_01110100_01101000_'
Info: line -1 - symbol[01AA] <= '01101110_01010010_01000100_00100000_00111101_00100000_00110000_00101100_00100000_01001101_01000100_01010010_00100000_00111100_00111101_00100000_01100110_01110010_01101111_01101101_01011111_01000010_01110101_01110011_00101100_00100000_01101001_01100110_00100000_01110100_01110010_01110101_'
Info: line -1 - symbol[01AB] <= '01100100_01110101_01101101_01110000_01011111_01101001_01101110_01110000_01110101_01110100_00111010_00100000_01001001_01101110_01101100_01000101_01101110_01100100_00100000_00111100_00111101_00100000_01001001_01101110_01001100_01101001_01101110_01100101_01011111_01110011_01110100_01100001_'
Info: line -1 - symbol[01AC] <= '01100100_01110101_01101101_01110000_01011111_01101001_01101110_01101100_01110000_00111010_00100000_01110010_01100101_01100001_01100100_01000011_01101111_01110010_01100101_00101000_01001001_01101110_01101100_01000101_01101110_01100100_00101001_00111011_00100000_00100000_00100000_00100000_'
Info: line -1 - symbol[01AD] <= '01100100_01101001_01110010_01100101_01100011_01110100_01000010_01111001_01110100_01100101_00100000_00111101_00100000_00111001_00101100_00100000_01110100_01110010_01100001_01100011_01100101_00101000_01100110_01110010_01101111_01101101_01011111_01101101_01101001_01100011_01110010_01101111_'
Info: line -1 - symbol[01AE] <= '01100100_01101001_01110010_01100101_01100011_01110100_01000010_01111001_01110100_01100101_00100000_00111101_00100000_00110000_01111000_00110000_00110000_00101100_00100000_01101001_01100110_00100000_01001101_01000100_01010010_01011111_01000101_01010001_01010101_01011111_01000100_01000010_'
Info: line -1 - symbol[01AF] <= '01001001_01101110_01101100_01000101_01101110_01100100_00100000_00111100_00111101_00100000_01101001_01101110_01100011_00101100_00100000_01101001_01100110_00100000_01100110_01100001_01101100_01110011_01100101_00100000_01110100_01101000_01100101_01101110_00100000_01100011_01101111_01101110_'
Info: line -1 - symbol[01B0] <= '01100100_01110101_01101101_01110000_01011111_01101001_01101110_01100101_01111000_00111010_00100000_01110100_01110010_01100001_01100011_01100101_00101000_01100011_01110010_01101100_01100110_00101001_00111011_00100000_00100000_00100000_00100000_00100000_00100000_00100000_00100000_00100000_'
Info: line -1 - symbol[01B1] <= '01101001_01100110_00100000_01110100_01110010_01110101_01100101_00100000_01110100_01101000_01100101_01101110_00100000_01110010_01100101_01110100_01110101_01110010_01101110_00100000_01100101_01101100_01110011_01100101_00100000_01100011_01101111_01101110_01110100_01101001_01101110_01110101_'
Info: line -1 - symbol[01B2] <= '01110100_01110010_01100001_01100011_01100101_01000010_01010000_00111010_00100000_01000101_01111000_01110000_01010011_01110100_01100001_01100011_01101011_00100000_00111100_00111101_00100000_01110000_01110101_01110011_01101000_01011111_01010100_01010111_01101111_01110010_01100100_00101100_'
Info: line -1 - symbol[01B3] <= '01110100_01110010_01100001_01100011_01100101_00101000_01100110_01110010_01101111_01101101_01011111_01101101_01101001_01100011_01110010_01101111_01100011_01101111_01100100_01100101_00101001_00101100_00100000_01100100_01101001_01110010_01100101_01100011_01110100_01000010_01111001_01110100_'
Info: line -1 - symbol[01B4] <= '01010100_00100000_00111100_00111101_00100000_01000101_01111000_01110000_01010011_01110100_01100001_01100011_01101011_00101100_00100000_01000101_01111000_01110000_01010011_01110100_01100001_01100011_01101011_00100000_00111100_00111101_00100000_01110000_01101111_01110000_00110010_00101100_'
Info: line -1 - symbol[01B5] <= '01110100_01110010_01100001_01100011_01100101_01011001_00111010_00100000_01000101_01111000_01110000_01010011_01110100_01100001_01100011_01101011_00100000_00111100_00111101_00100000_01110000_01110101_01110011_01101000_01011111_01010100_01010111_01101111_01110010_01100100_00101100_00100000_'
Info: line -1 - symbol[01B6] <= '01110100_01110010_01100001_01100011_01100101_00101000_01100110_01110010_01101111_01101101_01011111_01101101_01101001_01100011_01110010_01101111_01100011_01101111_01100100_01100101_00101001_00101100_00100000_01100100_01101001_01110010_01100101_01100011_01110100_01000010_01111001_01110100_'
Info: line -1 - symbol[01B7] <= '01010100_00100000_00111100_00111101_00100000_01000101_01111000_01110000_01010011_01110100_01100001_01100011_01101011_00101100_00100000_01000101_01111000_01110000_01010011_01110100_01100001_01100011_01101011_00100000_00111100_00111101_00100000_01110000_01101111_01110000_00110010_00101100_'
Info: line -1 - symbol[01B8] <= '01110100_01110010_01100001_01100011_01100101_01000001_01001100_01010101_00111010_00100000_01110100_01110010_01100001_01100011_01100101_00101000_01100011_01110010_01101100_01100110_00101001_00111011_00100000_00100000_00100000_00100000_00100000_00100000_00100000_00100000_00100000_00100000_'
Info: line -1 - symbol[01B9] <= '01010100_00100000_00111100_00111101_00100000_01110011_01100001_01110110_01100101_00101100_00100000_01110100_01110010_01100001_01100011_01100101_00101000_01100110_01110010_01101111_01101101_01011111_01101101_01101001_01100011_01110010_01101111_01100011_01101111_01100100_01100101_00101001_'
Info: line -1 - symbol[01BA] <= '01010100_00100000_00111100_00111101_00100000_01100110_01110010_01101111_01101101_01011111_01010011_00101100_00100000_01110100_01110010_01100001_01100011_01100101_00101000_01100110_01110010_01101111_01101101_01011111_01101101_01101001_01100011_01110010_01101111_01100011_01101111_01100100_'
Info: line -1 - symbol[01BB] <= '01010100_00100000_00111100_00111101_00100000_01100110_01110010_01101111_01101101_01011111_01010010_00101100_00100000_01110100_01110010_01100001_01100011_01100101_00101000_01100110_01110010_01101111_01101101_01011111_01101101_01101001_01100011_01110010_01101111_01100011_01101111_01100100_'
Info: line -1 - symbol[01BC] <= '01010100_00100000_00111100_00111101_00100000_01100110_01110010_01101111_01101101_01011111_01011001_01001000_01101001_00101100_00100000_01110100_01110010_01100001_01100011_01100101_00101000_01100110_01110010_01101111_01101101_01011111_01101101_01101001_01100011_01110010_01101111_01100011_'
Info: line -1 - symbol[01BD] <= '01010100_00100000_00111100_00111101_00100000_01100110_01110010_01101111_01101101_01011111_01011001_01001100_01101111_00101100_00100000_01110100_01110010_01100001_01100011_01100101_00101000_01100110_01110010_01101111_01101101_01011111_01101101_01101001_01100011_01110010_01101111_01100011_'
Info: line -1 - symbol[01BE] <= '01010100_00100000_00111100_00111101_00100000_01110010_01100101_01100011_01100001_01101100_01101100_00101100_00100000_01000100_01000010_01000111_01001001_01001110_01000100_01000101_01011000_00100000_00111100_00111101_00100000_01100011_01110010_01101100_01100110_00111011_00100000_00100000_'
Info: line -1 - symbol[01BF] <= '01110100_01110010_01100001_01100011_01100101_00111010_00100000_01101001_01100110_00100000_01000100_01000010_01000111_01011111_01010010_01000101_01000001_01000100_01011001_00100000_01110100_01101000_01100101_01101110_00100000_01101110_01100101_01111000_01110100_00100000_01100101_01101100_'
Info: line -1 - symbol[01C0] <= '01101001_01100110_00100000_01000100_01000010_01000111_01011111_01010010_01000101_01000001_01000100_01011001_00100000_01110100_01101000_01100101_01101110_00100000_01101110_01100101_01111000_01110100_00100000_01100101_01101100_01110011_01100101_00100000_01110010_01100101_01110000_01100101_'
Info: line -1 - symbol[01C1] <= '01000100_01000010_01000111_01001001